,Unnamed: 0,Unnamed: 0.1,Unnamed: 0.1.1,film,revenue,budget,release_date,imdb_id
0,0,0,0,Sesal Tak Sudah,0,0,1950-01-01,
1,1,1,1,Penghidupan,0,0,1950-01-01,
2,2,2,2,Casa De Farinha,0,0,1950-01-01,
3,3,3,3,Metro,0,0,1950-01-01,tt1256582
4,4,4,4,For Which We Stand: To Be Held In Honor,0,0,1950-01-23,
5,5,5,5,Doctor X,0,0,1950-09-21,tt0777836
6,6,6,6,Al compás de tu mentira,0,0,1950-03-22,tt0310604
7,7,7,7,Brücken über Europa,0,0,1950-11-21,tt1085668
8,8,8,8,Ôgon bat: Matenrô no kaijin,0,0,1950-12-23,tt1201662
9,9,9,9,Rolls 2-8,0,0,1950-04-28,tt0451892
10,10,10,10,Sree Jagannath,0,0,1950-02-05,tt1431321
11,11,11,11,The Spell,0,0,1950-12-28,tt0764892
12,12,12,12,Boosting is a Business,0,0,1950-01-01,
13,13,13,13,Dewi Murni,0,0,1950-07-01,
14,14,14,14,Bakti,0,0,1950-01-01,
15,15,15,15,Re mizeraburu: kami to jiyu no hata,0,0,1950-11-14,tt0042880
16,16,16,16,Re mizeraburu: kami to akuma,0,0,1950-11-03,tt0042879
17,17,17,17,Escape from Prison,0,0,1950-01-04,tt0042381
18,18,18,18,The Du Pont Story,0,0,1950-12-15,tt0044575
19,19,19,19,The Maya Through the Ages,0,0,1950-08-22,tt4772048
20,20,20,40,Barbaros Hayrettin Paşa,100000,75000,1951-01-01,tt0310715
21,21,21,41,Evli Mi Bekar Mı,100000,100000,1951-01-01,tt0314040
22,22,22,42,When I Grow Up,100000,50000,1951-04-19,tt0044206
23,23,23,43,Yavuz Sultan Selim Ve Yeniçeri Hasan,1000,1000,1951-01-01,tt0318188
24,24,24,44,The Great Galeoto,480,0,1951-10-15,tt0043597
25,25,25,45,The Armchair Detective,0,0,1951-01-01,tt0167004
26,26,26,46,Bunga Percintaan,0,0,1951-01-01,
27,27,27,47,Pulau Mutiara,0,0,1951-01-01,
28,28,28,48,Manusia,0,0,1951-01-01,
29,29,29,49,Bapa Saya,0,0,1951-01-01,
30,30,30,50,Scrooge,0,0,1951-10-31,
31,31,31,51,Chann Wey,0,0,1951-03-30,tt0212051
32,32,32,52,Michke Potash,0,0,1951-02-14,
33,33,33,53,C. G. Jung at Bollingen Tower Retreat,0,0,1951-09-12,
34,34,34,54,Our Teeth,0,0,1951-01-01,
35,35,35,55,To the Glory of Njegos,0,0,1951-12-13,tt0177313
36,36,36,56,Taimtim na Dalangin,0,0,1951-05-30,tt0978399
37,37,37,57,Gli amanti di Ravello,0,0,1951-01-01,tt0193710
38,38,38,58,Saptasajya,0,0,1951-12-01,tt0449384
39,39,39,59,Kleiner Mann auf großer Reise,0,0,1951-09-01,tt1502863
40,40,40,80,Triangeldrama,0,0,1952-01-01,
41,41,41,81,Torturados,0,0,1952-04-03,tt0043056
42,42,42,82,Buhay Pilipino,0,0,1952-07-04,tt0764710
43,43,43,83,Goal!,0,0,1952-01-01,
44,44,44,84,The Enchanted Castle at Dudinci,0,0,1952-01-01,
45,45,45,85,A Moment of Bliss,0,0,1952-01-01,
46,46,46,86,Dr. Samsi,0,0,1952-01-01,
47,47,47,87,その夜の妻,0,0,1952-04-18,tt18748678
48,48,48,88,گل‌نسا,0,0,1952-03-05,tt0343732
49,49,49,89,Giovinezza,0,0,1952-01-01,tt0044661
50,50,50,90,Dead City,0,0,1952-12-12,tt0267766
51,51,51,91,Chronicle of the Bulbul,0,0,1952-10-23,tt20249746
52,52,52,92,Shimizu Harbor Is More Frightening Than the Devil,0,0,1952-09-07,tt19118638
53,53,53,93,Le court bouillon n. 1,0,0,1952-01-01,
54,54,54,94,Kojiki Taishô,0,0,1952-04-03,tt0360721
55,55,55,95,The Congregation,0,0,1952-01-01,tt0433538
56,56,56,96,Vodní energie,0,0,1952-01-01,tt22940244
57,57,57,97,Dangobee Torimono Chou: Hirakeegoma no Maki,0,0,1952-01-01,
58,58,58,98,Belle... ma false,0,0,1952-01-01,
59,59,59,99,Look at Life: Lighter than Air,0,0,1952-01-01,
60,60,60,120,Edi İle Büdü,100000,75000,1953-01-01,tt0317407
61,61,61,121,What's My Fault,100000,100000,1953-08-17,tt0315185
62,62,62,122,Killer City,100000,75000,1953-01-01,tt0261873
63,63,63,123,Eager to Live,50000,0,1953-04-24,tt0045759
64,64,64,124,Glen or Glenda,10158,20000,1953-04-01,tt0045826
65,65,65,125,Cinderella's Love Lesson,0,0,1953-10-17,tt0968263
66,66,66,126,Lenggang Djakarta,0,0,1953-01-01,
67,67,67,127,Mr. Matches,0,0,1953-01-13,tt0713961
68,68,68,128,Mark of Cain,0,0,1953-02-02,tt0712332
69,69,69,129,Steppe Dawns,0,0,1953-03-25,tt0046369
70,70,70,130,源太時雨,0,0,1953-07-01,
71,71,71,131,Munting Koronel,0,0,1953-01-02,tt0370981
72,72,72,132,بی‌پناه,0,0,1953-11-07,tt0369282
73,73,73,133,بازگشت,0,0,1953-06-10,tt0361340
74,74,74,134,The Basics of Colour in Film,0,0,1953-01-07,
75,75,75,135,Amari Gaan Jhua,0,0,1953-09-26,tt1402401
76,76,76,136,"Mamma, perdonami!",0,0,1953-12-03,tt0047208
77,77,77,137,Infame accusa,0,0,1953-02-20,tt0044746
78,78,78,138,Le court bouillon n. 2 (La fuga),0,0,1953-01-01,
79,79,79,139,Two Worlds,0,0,1953-01-01,
80,80,80,160,The Fast and the Furious,250000,66000,1954-11-01,tt0046969
81,81,81,161,Monster from the Ocean Floor,117000,12000,1954-05-21,tt0047244
82,82,82,162,For Who's Your Passion,100000,100000,1954-06-28,tt0318394
83,83,83,163,The Last Time I Saw Paris,105,0,1954-01-01,tt0047162
84,84,84,164,The Vicious Breed,60,50,1954-12-26,tt0048060
85,85,85,165,Weak-kneed from Fear of Ghost-Cat,0,0,1954-12-07,tt0202943
86,86,86,166,Östermans testamente,0,0,1954-10-04,tt0047699
87,87,87,167,Barati,0,0,1954-01-01,tt0246453
88,88,88,168,Kunisada Chûji,0,0,1954-06-29,tt0223615
89,89,89,169,Hana to ryû - Dai-ni-bu: Aijô ruten,0,0,1954-03-24,tt1931440
90,90,90,170,Hana to ryû - Dai-ichi-bu: Dôkai-wan no rantô,0,0,1954-03-03,tt1927045
91,91,91,171,Zemlya,0,0,1954-11-01,tt0048284
92,92,92,172,Till Eulenspiegel und der Bäcker von Braunschweig,0,0,1954-08-13,tt1315990
93,93,93,173,Outlaw's Son,0,0,1954-12-26,tt0129281
94,94,94,174,Little Red Riding Hood,0,0,1954-01-01,
95,95,95,175,Young Summer,0,0,1954-09-27,tt0047633
96,96,96,176,Railplan 68,0,0,1954-01-01,
97,97,97,177,Fernand cherche du boulot,0,0,1954-10-21,
98,98,98,178,Marshals in Disguise,0,0,1954-12-26,tt0047218
99,99,99,179,Ankush,0,0,1954-03-19,
100,100,100,200,Bataktaki Kız,100000,55000,1955-01-15,tt0331875
101,101,101,201,Bir Aşk Hikâyesi,100000,55000,1955-01-15,tt0331015
102,102,102,202,Amleto,550,500,1955-07-19,tt1696200
103,103,103,203,It Happens in Roma,88,0,1955-05-24,tt0048759
104,104,104,204,Young Ruddy Warrior: Nobunaga Oda,0,0,1955-09-20,
105,105,105,205,Shelter,0,0,1955-01-01,tt6865488
106,106,106,206,Mei Lanfang's Stagecraft Part I,0,0,1955-01-01,tt20252376
107,107,107,207,Tsukiyo no kasa,0,0,1955-08-21,tt1573900
108,108,108,208,Confidential File: Horror Comics,0,0,1955-10-09,tt2260554
109,109,109,209,Confidential File: Barbiturates,0,0,1955-01-23,tt3869586
110,110,110,210,Pandora,0,0,1955-01-01,tt0359796
111,111,111,211,Zagreb Film Commercials (Selection 1954/55),0,0,1955-01-01,
112,112,112,212,The Structure of Unions,0,0,1955-01-01,tt0224181
113,113,113,213,Halo story,0,0,1955-12-08,
114,114,114,214,Kleine Winterreise in den Harz,0,0,1955-02-08,tt2948670
115,115,115,215,Writ in Water,0,0,1955-01-01,
116,116,116,216,Life's Wishes,0,0,1955-04-11,
117,117,117,217,Resurrection,0,0,1955-04-01,
118,118,118,218,Ninja Arts of Jiraiya,0,0,1955-01-03,
119,119,119,219,罌粟花,0,0,1955-05-09,
120,120,120,240,The Harder They Fall,1350000,0,1956-05-09,tt0049291
121,121,121,241,Rodan,1333289,0,1956-12-26,tt0049782
122,122,122,242,Aparajito,170215,0,1956-10-11,tt0048956
123,123,123,243,Yalancının Mumu,105000,55000,1956-01-01,tt0337497
124,124,124,244,Miras Uğrunda,100000,55000,1956-02-02,tt0333919
125,125,125,245,Kalbimin Şarkısı,100000,55000,1956-03-28,tt0143331
126,126,126,246,The Red Balloon,48980,0,1956-08-24,tt0048980
127,127,127,247,Bob le Flambeur,41010,0,1956-08-24,tt0047892
128,128,128,248,Tuzak Oteli,10000,55000,1956-01-15,tt0334559
129,129,129,249,Dalila,1671,3342,1956-10-15,tt0342248
130,130,130,250,Curra Veleta,105,0,1956-08-27,tt0047967
131,131,131,251,It's Never Too Late,91,0,1956-05-07,tt0049373
132,132,132,252,The Bold and the Brave,1,0,1956-01-04,tt0049022
133,133,133,253,So Passionate,0,0,1956-12-01,tt9592640
134,134,134,254,"Stones, Castles and Men",0,0,1956-01-01,tt2326362
135,135,135,255,Dark Meeting,0,0,1956-01-05,tt0581858
136,136,136,256,Huang shan lei,0,0,1956-01-01,tt20252410
137,137,137,257,Eloise,0,0,1956-11-22,tt0675565
138,138,138,258,Till Eulenspiegel als Türmer,0,0,1956-02-24,tt1315989
139,139,139,259,Gale Winds! Tengu Karama,0,0,1956-06-08,tt11077706
140,140,140,280,12 Angry Men,1000000,350000,1957-04-10,tt0050083
141,141,141,281,Nights of Cabiria,752045,0,1957-10-03,tt0050783
142,142,142,282,I Was a Teenage Frankenstein,310000,0,1957-11-23,tt0050531
143,143,143,283,Throne of Blood,13422,0,1957-01-15,tt0050613
144,144,144,284,Forty Guns,6344,300000,1957-09-10,tt0050407
145,145,145,285,Mañana...,144,0,1957-03-15,tt0050696
146,146,146,286,激战前夜,100,100,1957-05-01,tt0351135
147,147,147,287,Memiş İş Peşinde,0,0,1957-01-01,tt0341463
148,148,148,288,Bir Serseri,0,0,1957-01-01,tt0366239
149,149,149,289,Blood Money,0,0,1957-03-31,tt0401749
150,150,150,290,Wakasama samurai torimono-chō shin'ya no shi bijin,0,0,1957-04-02,
151,151,151,291,Dancing Mistress,0,0,1957-07-30,tt0202422
152,152,152,292,The Song of Christmas,0,0,1957-12-20,
153,153,153,293,The banquet,0,0,1957-01-01,tt0083617
154,154,154,294,The Last Tycoon,0,0,1957-03-14,tt0675641
155,155,155,295,Ghost Ship Part 1,0,0,1957-09-23,tt1548648
156,156,156,296,Kitna Badal Gaya Insaan,0,0,1957-01-01,tt0231913
157,157,157,297,Who Does Life Smile At?,0,0,1957-07-18,
158,158,158,298,King Ottokar's Sceptre,0,0,1957-11-28,
159,159,159,299,Strangers,0,0,1957-01-23,
160,160,160,320,Murada Ereceğiz,0,0,1958-01-01,tt0347587
161,161,161,321,Esrarlı Kadın,0,0,1958-04-08,tt0345201
162,162,162,322,Gönülden Ağlayanlar,0,0,1958-01-01,tt0345361
163,163,163,323,Memiş Haydutlar Arasında,0,0,1958-01-01,tt0347527
164,164,164,324,Bir Dilim Ekmek,0,0,1958-01-01,tt0341276
165,165,165,325,Sami na świecie,0,0,1958-01-01,
166,166,166,326,Willkommen an Bord,0,0,1958-01-01,tt1050758
167,167,167,327,Bhookailasa,0,0,1958-02-05,tt0321435
168,168,168,328,Gōdatsu sareta kenjū,0,0,1958-08-17,tt15340740
169,169,169,329,The Christmas Deer,0,0,1958-01-01,
170,170,170,330,Yumemi Douji,0,0,1958-04-05,
171,171,171,331,笑聲淚影,0,0,1958-01-23,tt0195419
172,172,172,332,An Appointment After Dark,0,0,1958-07-04,tt0050133
173,173,173,333,A Ray of Hope,0,0,1958-01-19,
174,174,174,334,Joe the Chainsmith,0,0,1958-01-01,
175,175,175,335,Tonight and Every Night,0,0,1958-04-02,
176,176,176,336,Bridges-Go-Round 2,0,0,1958-12-16,
177,177,177,337,"Red Maid, the Matchmaker",0,0,1958-10-29,
178,178,178,338,Das Pflichtmandat,0,0,1958-07-24,tt1467251
179,179,179,339,Wolves of the Night,0,0,1958-10-08,tt8396880
180,180,180,360,Apur Sansar,134241,0,1959-05-01,tt0052572
181,181,181,361,Gurbet,100000,55000,1959-05-02,tt0351018
182,182,182,362,Samanyolu,100000,55000,1959-01-01,tt0353971
183,183,183,363,The Broken Disk,100000,55000,1959-01-01,tt0352495
184,184,184,364,Hiroshima Mon Amour,3193,0,1959-06-10,tt0052893
185,185,185,365,The Little Apartment,1690,0,1959-06-15,tt0052073
186,186,186,366,The Lord Pretends,90,0,1959-09-13,tt5368496
187,187,187,367,Talihsizler,0,0,1959-01-01,tt0354955
188,188,188,368,Ömrümün Tek Gecesi,0,0,1959-01-01,tt0354257
189,189,189,369,Sevdalı Gelin,0,0,1959-01-01,tt0354000
190,190,190,370,Çakır Eminem,0,0,1959-01-01,tt0350376
191,191,191,371,Eceline Susamışlar,0,0,1959-01-01,tt0349394
192,192,192,372,Bağrıyanık,0,0,1959-01-01,tt0346564
193,193,193,373,Seher Yıldızı,0,0,1959-01-01,tt11778202
194,194,194,374,The Broken Ear,0,0,1959-07-04,
195,195,195,375,The Lord,0,0,1959-02-04,tt0053264
196,196,196,376,Judgment night,0,0,1959-12-04,
197,197,197,377,Perchance to dream,0,0,1959-11-27,
198,198,198,378,Time enough at last,0,0,1959-11-20,
199,199,199,379,The lonely,0,0,1959-11-13,
200,200,200,400,Village of the Damned,2175000,200000,1960-06-16,tt0054443
201,201,201,401,All the Young Men,2000000,1000000,1960-08-26,tt0053583
202,202,202,402,House of Usher,1450000,270000,1960-06-22,tt0053925
203,203,203,403,The Virgin Spring,700000,0,1960-02-08,tt0053976
204,204,204,404,Taş Bebek,100000,55000,1960-09-02,tt0371292
205,205,205,405,"Nilüfer, the Jungle Flower",100000,55000,1960-01-01,tt0371007
206,206,206,406,Peeping Tom,83957,150000,1960-05-16,tt0054167
207,207,207,407,Eyes Without a Face,58656,0,1960-01-11,tt0053459
208,208,208,408,Le Trou,33187,0,1960-03-18,tt0054407
209,209,209,409,The Savage Eye,16366,65000,1960-06-06,tt0054270
210,210,210,410,Leiria 1960,0,0,1960-06-07,
211,211,211,411,A world of his own,0,0,1960-07-01,
212,212,212,412,The mighty Casey,0,0,1960-06-17,
213,213,213,413,The after hours,0,0,1960-06-10,
214,214,214,414,Mr. Bevis,0,0,1960-06-03,
215,215,215,415,A passage for trumpet,0,0,1960-05-20,
216,216,216,416,The chaser,0,0,1960-05-13,
217,217,217,417,A stop at Willoughby,0,0,1960-05-06,
218,218,218,418,Nightmare as a child,0,0,1960-04-29,
219,219,219,419,A nice place to visit,0,0,1960-04-15,
220,220,220,440,Bir Bahar Akşamı,105000,55000,1961-01-01,tt0372173
221,221,221,441,Yaman Gazeteci,105000,55000,1961-01-01,
222,222,222,442,Bülbül Yuvası,105000,55000,1961-01-03,tt0372191
223,223,223,443,A Woman Is a Woman,100655,160000,1961-09-06,tt0055572
224,224,224,444,Yumurcak,100000,75000,1961-03-19,tt0379055
225,225,225,445,Tatlı Bela,100000,75000,1961-01-01,tt0274938
226,226,226,446,Ya Ben Ya O!,100000,75000,1961-01-01,tt0376996
227,227,227,447,Güneş Doğmasın,100000,55000,1961-01-01,tt0372948
228,228,228,448,Özleyiş,100000,55000,1961-01-01,tt0376361
229,229,229,449,The Exiles,26517,0,1961-07-13,tt0054861
230,230,230,450,春催桃李,100,100,1961-01-01,tt9889218
231,231,231,451,Schneeweißchen und Rosenrot,0,0,1961-02-22,
232,232,232,452,Tōkyō dodonpa musume,0,0,1961-05-13,tt8352070
233,233,233,453,引越やつれ,0,0,1961-06-09,
234,234,234,454,"Djeco, čuvajte se!",0,0,1961-01-01,tt0172331
235,235,235,455,Metamorfoser,0,0,1961-03-21,tt14612712
236,236,236,456,Before the jump into space,0,0,1961-11-29,
237,237,237,457,Konsiyerto ng Kamatayan,0,0,1961-03-13,tt1190183
238,238,238,458,The Parasite,0,0,1961-01-01,
239,239,239,459,Jak se zajíček chtěl klouzat,0,0,1961-03-10,
240,240,240,480,The Adventures of Lucky Pierre,212200,45000,1962-04-22,tt0054604
241,241,241,481,Istanbul Give Me Your Hand,100000,55000,1962-11-04,tt0385316
242,242,242,482,The Savage Guns,66023,0,1962-09-30,tt0056448
243,243,243,483,Adam and Six Eves,32200,0,1962-04-14,tt0206534
244,244,244,484,Vivre Sa Vie,24517,64000,1962-08-28,tt0056663
245,245,245,485,Eegah,3274,15000,1962-06-08,tt0055946
246,246,246,486,若さま侍捕物帳　お化粧蜘蛛,0,0,1962-12-23,
247,247,247,487,Ōwarai Jiro chō ikka: Sanshita nitei kenjū,0,0,1962-05-15,tt10295384
248,248,248,488,The Clouded Dawn,0,0,1962-06-27,tt0223006
249,249,249,489,Matinik Lalong Kilabot,0,0,1962-01-29,tt5046498
250,250,250,490,Beş Hikaye,0,0,1962-01-01,tt0334942
251,251,251,491,Ligaw na Daigdig,0,0,1962-07-01,tt1364250
252,252,252,492,The Eyes,0,0,1962-01-01,tt23334054
253,253,253,493,Hana to ryu,0,0,1962-12-26,tt0358502
254,254,254,494,球迷,0,0,1962-01-01,
255,255,255,495,Mr Chesher’s Traction Engines,0,0,1962-07-01,
256,256,256,496,"Claes Oldenburg ""Happenings"": Ray Gun Theater 1962",0,0,1962-11-01,
257,257,257,497,Stone sonata,0,0,1962-01-01,
258,258,258,498,太陽先生青春記,0,0,1962-04-01,
259,259,259,499,Narcosis,0,0,1962-01-01,tt14765854
260,260,260,520,Şafak Bekçileri,100000,55000,1963-01-01,tt0286027
261,261,261,521,Billy Liar,35609,0,1963-08-15,tt0056868
262,262,262,522,La muerte y el leñador,10000,5000,1963-05-03,
263,263,263,523,"The Bare Hunt, or My Gun Is Jammed",2300,0,1963-01-01,tt0056853
264,264,264,524,如此爹娘,100,100,1963-01-01,tt2084079
265,265,265,525,兄妹探宝,100,100,1963-01-01,tt0340443
266,266,266,526,Flower Is a Matchmaker,100,100,1963-08-01,tt15680848
267,267,267,527,Dinner for One - Schweizer Version,0,0,1963-01-01,
268,268,268,528,Test B,0,0,1963-01-01,
269,269,269,529,Ženidba gospodina Marcipana,0,0,1963-01-01,tt0173488
270,270,270,530,عودة الروح,0,0,1963-01-01,
271,271,271,531,Il Tempo Libero,0,0,1963-12-16,
272,272,272,532,Nu chao,0,0,1963-01-01,
273,273,273,533,A Land Betrayed,0,0,1963-01-23,
274,274,274,534,Caterina,0,0,1963-12-21,tt1587749
275,275,275,535,Story,0,0,1963-01-01,
276,276,276,536,The Boiled Egg,0,0,1963-01-01,
277,277,277,537,Ichi ka bachi ka,0,0,1963-06-16,tt0322708
278,278,278,538,星屑の町,0,0,1963-02-09,tt12356948
279,279,279,539,Letter from Opole,0,0,1963-01-01,
280,280,280,560,Band of Outsiders,182857,120000,1964-08-05,tt0057869
281,281,281,561,Ve Allah Gençleri Yarattı,105000,55000,1964-04-01,tt0405434
282,282,282,562,The Naked Witch,80000,8000,1964-01-01,tt0054111
283,283,283,563,Diary of a Chambermaid,17754,0,1964-01-01,tt0058249
284,284,284,564,Artist Studio Secrets,4800,0,1964-01-01,tt0131808
285,285,285,565,Firelight,501,500,1964-03-24,tt0059181
286,286,286,566,Dear John,4,0,1964-11-23,tt0058281
287,287,287,567,In Search of Innocence,0,0,1964-04-23,tt0226817
288,288,288,568,ხევისბერი გოჩა,0,0,1964-10-19,tt0273710
289,289,289,569,Bossa Nova,0,0,1964-01-01,tt0184300
290,290,290,570,Lana Pettinata,0,0,1964-12-16,
291,291,291,571,Plantage Tamarinde,0,0,1964-10-29,tt0289394
292,292,292,572,Trail Ride,0,0,1964-09-09,tt0227680
293,293,293,573,家庭问题,0,0,1964-01-01,tt0351140
294,294,294,574,Dağlar Aslanı Ali Efe,0,0,1964-02-01,tt0398916
295,295,295,575,"Passion Street, U.S.A.",0,0,1964-06-01,tt0223888
296,296,296,576,Planet of secrets,0,0,1964-12-01,
297,297,297,577,Crazy Planet,0,0,1964-01-01,tt4401644
298,298,298,578,Zoku shachō shinshiroku,0,0,1964-02-29,tt0313825
299,299,299,579,Benjamin Britten - In Rehearsal and Performance with Peter Pears,0,0,1964-06-01,
300,300,300,600,I'll Take Sweden,1500000,0,1965-06-18,tt0059298
301,301,301,601,The Shop on Main Street,1450000,0,1965-09-09,tt0059527
302,302,302,602,The Face of Fu Manchu,1300000,0,1965-08-06,tt0059162
303,303,303,603,Khandan,408198,204099,1965-09-23,tt0059354
304,304,304,604,The 317th Platoon,306505,66000,1965-03-31,tt0058863
305,305,305,605,Yalancının Mumu,105000,55000,1965-01-01,tt0413501
306,306,306,606,Gönül Kuşu,105000,55000,1965-01-01,tt0287466
307,307,307,607,Dokunma Bozulurum,105000,55000,1965-01-01,tt0407737
308,308,308,608,Kahreden Kurşun,105000,55000,1965-01-01,tt0277773
309,309,309,609,İnatçı Gelin,105000,55000,1965-12-14,tt0408908
310,310,310,610,Kan Gövdeyi Götürdü,105000,55000,1965-01-01,tt0274602
311,311,311,611,Cezmi Band 007.5,105000,55000,1965-08-05,tt0406636
312,312,312,612,Once a Year,105000,55000,1965-02-04,tt0410571
313,313,313,613,Sonsuz Geceler,105000,55000,1965-04-11,tt0411894
314,314,314,614,Şoför Nebahat Bizde Kabahat,105000,55000,1965-12-17,tt0413283
315,315,315,615,Kart Horoz,105000,55000,1965-10-21,tt0279169
316,316,316,616,Bilen Kazanıyor,105000,55000,1965-01-02,tt0405775
317,317,317,617,Juliet of the Spirits,78550,0,1965-10-22,tt0059229
318,318,318,618,Obsession,34947,0,1965-08-16,tt15452576
319,319,319,619,Pink Panzer,15788,15788,1965-09-15,tt0059597
320,320,320,640,Dracula: Prince of Darkness,364937,280379,1966-01-09,tt0059127
321,321,321,641,Sevgilim Artist Olunca,105000,55000,1966-01-01,tt0420169
322,322,322,642,Seni Seviyorum,105000,55000,1966-01-01,tt0420161
323,323,323,643,Aşkın Kanunu,105000,55000,1966-01-01,tt0413750
324,324,324,644,Ben Bir Sokak Kadınıyım,105000,55000,1966-02-21,tt0414858
325,325,325,645,Denizciler Geliyor,105000,50000,1966-04-01,tt0415744
326,326,326,646,Fakir Bir Kız Sevdim,105000,55000,1966-01-01,tt0183064
327,327,327,647,A Nation Awakens,105000,55000,1966-01-01,tt0281662
328,328,328,648,Babam Katil Değildi,100000,100000,1966-09-01,
329,329,329,649,How the Grinch Stole Christmas! Documentary,100000,30000,1966-01-01,
330,330,330,650,Au Hasard Balthazar,39388,0,1966-05-25,tt0060138
331,331,331,651,Django,17277,0,1966-04-06,tt0060315
332,332,332,652,Hometown Plunders,0,0,1966-06-23,tt0193992
333,333,333,653,Jaag Utha Insaan,0,0,1966-05-20,
334,334,334,654,Tatak: Double Cross,0,0,1966-09-09,tt0344428
335,335,335,655,Puerto Princesa,0,0,1966-10-12,tt5511838
336,336,336,656,The Glass Pane,0,0,1966-01-01,tt2149740
337,337,337,657,Kiss the Boot,0,0,1966-01-01,tt0219117
338,338,338,658,Inhabitants of Castles in Hungary in 1966,0,0,1966-01-01,tt0170103
339,339,339,659,Swapna Niye,0,0,1966-01-02,tt0252030
340,340,340,680,The Comedians,5200000,0,1967-10-31,tt0061502
341,341,341,681,Point Blank,3200000,2500000,1967-08-30,tt0062138
342,342,342,682,The Night of the Generals,2400000,5200000,1967-01-29,tt0062038
343,343,343,683,Son of Godzilla,2399280,0,1967-12-16,tt0061856
344,344,344,684,Monsieur Zivaco,2236617,0,1967-10-28,tt0203423
345,345,345,685,Let's Go! Young Guy,2200000,0,1967-01-01,
346,346,346,686,A Countess from Hong Kong,2000000,3500000,1967-01-05,tt0061523
347,347,347,687,Rough Night in Jericho,1750000,0,1967-08-01,tt0062218
348,348,348,688,Double Trouble,1600000,0,1967-04-05,tt0061595
349,349,349,689,Luv,1000000,0,1967-07-26,tt0061927
350,350,350,690,Sen Benimsin,105000,55000,1967-01-01,tt0431385
351,351,351,691,Ölünceye Kadar,105000,55000,1967-04-03,tt0260242
352,352,352,692,Çifte Tabancalı Damat,105000,55000,1967-01-11,tt0335582
353,353,353,693,Zilli Nazife,100000,75000,1967-09-13,tt0431489
354,354,354,694,Anowara,70860,47240,1967-03-20,tt5559534
355,355,355,695,نساء من ذهب,55000,15000,1967-09-03,
356,356,356,696,Le Samouraï,39481,0,1967-10-25,tt0062229
357,357,357,697,La Chinoise,30857,0,1967-08-30,tt0061473
358,358,358,698,My secretary is mad... mad... mad...,10000,200000,1967-03-16,tt0061970
359,359,359,699,Dalahoo,10000,10000,1967-07-17,tt5376718
360,360,360,720,Once Upon a Time in the West,5380118,5000000,1968-12-21,tt0064116
361,361,361,721,Hell in the Pacific,3230000,4150000,1968-12-19,tt0063056
362,362,362,722,Coogan's Bluff,3110000,0,1968-10-02,tt0062824
363,363,363,723,No Way to Treat a Lady,3100000,0,1968-03-20,tt0063356
364,364,364,724,"Rachel, Rachel",3000000,780000,1968-08-26,tt0063483
365,365,365,725,Shalako,2620000,1455000,1968-11-06,tt0063592
366,366,366,726,The Sweet Ride,2600000,1935000,1968-06-12,tt0063662
367,367,367,727,Barbarella,2500000,9000000,1968-10-10,tt0062711
368,368,368,728,The Wrecking Crew,2400000,0,1968-12-30,tt0065225
369,369,369,729,Mexican Free-for-All,2009355,0,1968-04-27,tt0203634
370,370,370,730,Petulia,1600000,0,1968-06-10,tt0063426
371,371,371,731,Destroy All Monsters,1568760,0,1968-08-01,tt0063172
372,372,372,732,Stolen Kisses,1500000,350000,1968-09-04,tt0062695
373,373,373,733,Yellow Submarine,1273261,250000,1968-07-17,tt0063823
374,374,374,734,Charly,814666,950000,1968-09-23,tt0062794
375,375,375,735,if....,500000,0,1968-12-19,tt0063850
376,376,376,736,Journey to Shiloh,407500,0,1968-05-10,tt0063161
377,377,377,737,Fanny Hill,266552,0,1968-11-11,tt0062958
378,378,378,738,Jhuk Gaya Aasman,251000,0,1968-01-01,tt0290685
379,379,379,739,Sor Ye-yé,202551,0,1968-03-09,tt0062291
380,380,380,760,Army of Shadows,741766,0,1969-09-10,tt0064040
381,381,381,761,The Wild Bunch,638641,6244087,1969-06-17,tt0065214
382,382,382,762,Demir Pençe Casuslar Savaşı,105000,55000,1969-01-01,tt0336262
383,383,383,763,Damga,105000,55000,1969-01-01,tt0433961
384,384,384,764,Iron Claw the Pirate,105000,55000,1969-01-01,tt0335037
385,385,385,765,Z,83305,0,1969-02-26,tt0065234
386,386,386,766,Laughter in the Dark,780,0,1969-05-11,tt0064576
387,387,387,767,The Wedding Party,43,0,1969-04-09,tt0065198
388,388,388,768,Aisuru ashita,0,0,,tt6831994
389,389,389,769,Umi wa furimukanai,0,0,,tt0204368
390,390,390,770,The Elder Sister,0,0,1969-06-09,tt0439441
391,391,391,771,ドリフターズですよ！全員突撃,0,0,1969-04-27,
392,392,392,772,ドリフターズですよ！特訓特訓また特訓,0,0,1969-01-15,
393,393,393,773,Die Nichten der Frau Oberst 2. Teil - Mein Bett ist meine Burg,0,0,1969-02-21,tt0191311
394,394,394,774,King Chakh-Chakh,0,0,1969-01-01,
395,395,395,775,Tempus,0,0,1969-01-01,
396,396,396,776,Cairo in a Thousand Years,0,0,1969-01-01,
397,397,397,777,Night’s Doors,0,0,1969-06-09,
398,398,398,778,Angel's Flight Rendez-vous,0,0,1969-02-04,tt23639480
399,399,399,779,La giacca stregata,0,0,1969-09-26,
400,400,400,800,Two Mules for Sister Sara,5050000,2500000,1970-03-02,tt0065134
401,401,401,801,The Ballad of Cable Hogue,5000000,3716946,1970-05-13,tt0065446
402,402,402,802,El Condor,4500000,35000000,1970-06-19,tt0065570
403,403,403,803,The Boys in the Band,3500000,5500000,1970-03-16,tt0065488
404,404,404,804,Waterloo,3052000,25000000,1970-10-26,tt0066549
405,405,405,805,Myra Breckinridge,3000000,5000000,1970-06-24,tt0066115
406,406,406,806,The Molly Maguires,2200000,11000000,1970-02-08,tt0066090
407,407,407,807,The Private Life of Sherlock Holmes,1500000,10000000,1970-10-29,tt0066249
408,408,408,808,Thou Shalt Not Covet Thy Fifth Floor Neighbour,1067037,0,1970-10-26,tt0066158
409,409,409,809,Zabriskie Point,1000000,7000000,1970-02-09,tt0066601
410,410,410,810,The Dunwich Horror,446400,0,1970-01-14,tt0065669
411,411,411,811,Gimme Shelter,252570,0,1970-12-13,tt0065780
412,412,412,812,La tonta del bote,171816,0,1970-05-26,tt0066470
413,413,413,813,The Son of Africa,102000,25000,1970-06-03,
414,414,414,814,Kralların Öfkesi,100000,55000,1970-01-01,tt0470411
415,415,415,815,Crimen imperfecto,88206,0,1970-08-24,tt0065590
416,416,416,816,O Astrapogiannos,12000,10000,1970-09-21,tt0200448
417,417,417,817,The Switch (Baksa Badal),2418,0,1970-01-02,tt0457554
418,418,418,818,Heer Ranjha,380,0,1970-06-19,tt0318385
419,419,419,819,El alma se serena,104,0,1970-01-12,tt0064007
420,420,420,840,The Touch,6530000,6900000,1971-07-14,tt0066826
421,421,421,841,Preacherman,5000000,65000,1971-01-01,tt0067606
422,422,422,842,Willy Wonka & the Chocolate Factory,4000000,3000000,1971-06-29,tt0067992
423,423,423,843,Straw Dogs,3251794,2200000,1971-12-23,tt0067800
424,424,424,844,Godzilla vs. Hedorah,2768400,250000,1971-07-24,tt0067148
425,425,425,845,THX 1138,2437000,777000,1971-03-11,tt0066434
426,426,426,846,Trinity Is Still My Name,2100000,0,1971-10-21,tt0068154
427,427,427,847,The Cat o' Nine Tails,1204739,1000000,1971-02-12,tt0065761
428,428,428,848,You Shall Not Covet Your Neighbor's Wife,376184,0,1971-10-29,tt0067498
429,429,429,849,Carry On at Your Convenience,190000,0,1971-06-15,tt0066895
430,430,430,850,Ateş Parçası,110750,32900,1971-10-05,tt0263080
431,431,431,851,Hot Stuff,101250,101250,1971-01-01,tt0179223
432,432,432,852,Wake in Fright,50394,0,1971-07-21,tt0067541
433,433,433,853,Dosti,20000,15000,1971-02-07,tt0374625
434,434,434,854,And Now for Something Completely Different,7000,100000,1971-09-28,tt0066765
435,435,435,855,Tabiji: ofukuro-san yori,0,0,1971-07-10,
436,436,436,856,Memai,0,0,,tt6832002
437,437,437,857,Kigeki: Hanayome sensô,0,0,,tt3035618
438,438,438,858,春だドリフだ全員集合！！,0,0,1971-12-29,
439,439,439,859,ツンツン節だよ全員集合！！,0,0,1971-08-07,
440,440,440,880,Prime Cut,1500000,0,1972-06-28,tt0069121
441,441,441,881,A Gorgeous Girl Like Me,457163,0,1972-09-13,tt0069442
442,442,442,882,Beware! The Blob,102433,150000,1972-06-21,tt0068271
443,443,443,883,The Week of the Killer,57696,0,1972-04-13,tt0067732
444,444,444,884,"Aguirre, the Wrath of God",37041,370000,1972-12-29,tt0068182
445,445,445,885,The Goalie's Anxiety at the Penalty Kick,100,410000,1972-02-19,tt0066773
446,446,446,886,舞妓はんだよ全員集合！！,0,0,1972-12-29,
447,447,447,887,祭りだお化けだ全員集合！！,0,0,1972-08-05,
448,448,448,888,Kid City,0,0,1972-01-01,
449,449,449,889,Treat Bottle,0,0,1972-01-01,
450,450,450,890,The Brave Young Generation,0,0,1972-05-18,
451,451,451,891,Kým sa ucho neodbije,0,0,1972-01-01,
452,452,452,892,Banana Leaf,0,0,1972-01-01,tt0286481
453,453,453,893,The Vandals,0,0,1972-01-23,
454,454,454,894,Deep Water,0,0,1972-01-01,
455,455,455,895,The Tale of a Girl Named Marmar,0,0,1972-09-04,
456,456,456,896,The Suburb,0,0,1972-02-22,tt0177139
457,457,457,897,Slavery In The 70's,0,0,1972-01-23,
458,458,458,898,Ikiteirutte Subarashii!,0,0,1972-01-01,
459,459,459,899,Corps et âme,0,0,1972-01-01,tt0269113
460,460,460,920,The Golden Voyage of Sinbad,11000000,0,1973-12-20,tt0071569
461,461,461,921,Pat Garrett & Billy the Kid,11000000,4638783,1973-05-23,tt0070518
462,462,462,922,The Last Detail,10000000,2300000,1973-12-11,tt0070290
463,463,463,923,Battle for the Planet of the Apes,8844595,1700000,1973-06-15,tt0069768
464,464,464,924,Charlotte's Web,5232000,0,1973-03-01,tt0070016
465,465,465,925,Lost Horizon,3800000,5900000,1973-03-17,tt0070337
466,466,466,926,Soylent Green,3600000,0,1973-04-18,tt0070723
467,467,467,927,Mean Streets,3000000,500000,1973-10-14,tt0070379
468,468,468,928,Anhonee,2454780,1300000,1973-04-26,tt0297731
469,469,469,929,Hitler: The Last Ten Days,2250000,0,1973-04-19,tt0070184
470,470,470,930,The Last of Sheila,2200000,0,1973-06-14,tt0070291
471,471,471,931,Dillinger,2000000,1000000,1973-07-20,tt0069976
472,472,472,932,Heavy Traffic,1500000,950000,1973-08-08,tt0070165
473,473,473,933,Shaft in Africa,1458000,2142000,1973-06-14,tt0070679
474,474,474,934,The Student Teachers,1078000,100000,1973-09-06,tt0070743
475,475,475,935,The Last American Hero,1000000,2000000,1973-07-27,tt0070287
476,476,476,936,Theatre of Blood,1000000,0,1973-03-16,tt0070791
477,477,477,937,Sisters,1000000,500000,1973-03-26,tt0070698
478,478,478,938,Godzilla vs. Megalon,980000,760000,1973-03-17,tt0070122
479,479,479,939,The Long Goodbye,959000,1700000,1973-03-07,tt0070334
480,480,480,960,Voodoo Black Exorcist,7438702,0,1974-06-12,tt0070893
481,481,481,961,California Split,5000000,0,1974-08-07,tt0071269
482,482,482,962,Harry and Tonto,4600000,980000,1974-08-12,tt0071598
483,483,483,963,The Conversation,4420000,1600000,1974-04-07,tt0071360
484,484,484,964,Black Christmas,4053000,620000,1974-10-11,tt0071222
485,485,485,965,性爱学习,4000000,4000000,1974-04-10,
486,486,486,966,The Bears and I,4000000,0,1974-07-31,tt0071199
487,487,487,967,The Lords of Flatbush,4000000,160000,1974-05-01,tt0071772
488,488,488,968,Juggernaut,3400000,0,1974-09-25,tt0071706
489,489,489,969,Prophecies of Nostradamus,3000000,0,1974-07-13,tt0071923
490,490,490,970,What Have They Done to Your Daughters?,2468000,0,1974-08-10,tt0072007
491,491,491,971,Zardoz,1800000,1570000,1974-02-06,tt0070948
492,492,492,972,Godzilla vs. Mechagodzilla,1330000,0,1974-03-20,tt0071565
493,493,493,973,Karlsson on the Roof,606162,0,1974-12-02,tt0073227
494,494,494,974,And There Was Love,393786,63889,1974-11-11,
495,495,495,975,Onofre,317000,0,1974-01-01,tt0071945
496,496,496,976,El último viaje,213917,0,1974-02-20,tt0070963
497,497,497,977,I Hate My Body,117438,0,1974-05-30,tt0070467
498,498,498,978,How to Seduce a Woman,103400,0,1974-01-01,tt0071631
499,499,499,979,Özleyiş,100000,55000,1974-05-08,tt0209216
500,500,500,1000,Dolemite,12000000,120000,1975-04-26,tt0072895
501,501,501,1001,Let's Do It Again,11800000,70000,1975-10-11,tt0073282
502,502,502,1002,Hustle,10390000,3050000,1975-12-25,tt0073133
503,503,503,1003,Rooster Cogburn,8022000,0,1975-11-01,tt0073636
504,504,504,1004,Death Race 2000,8000000,300000,1975-04-30,tt0072856
505,505,505,1005,Hard Times,5000000,2700000,1975-08-11,tt0073092
506,506,506,1006,Sholay,4800000,408000,1975-08-15,tt0073707
507,507,507,1007,Deep Red,2864091,0,1975-03-07,tt0073582
508,508,508,1008,Capone,2000000,970000,1975-04-16,tt0072761
509,509,509,1009,"Farewell, My Lovely",2000000,2500000,1975-08-08,tt0072973
510,510,510,1010,Monty Python and the Holy Grail,1940906,400000,1975-05-25,tt0071853
511,511,511,1011,Zabih,1500000,15000,1975-02-02,tt0495777
512,512,512,1012,At Long Last Love,1500000,6000000,1975-03-01,tt0072665
513,513,513,1013,The Killer Elite,1000000,0,1975-12-19,tt0073240
514,514,514,1014,Shivers,1000000,179000,1975-10-10,tt0073705
515,515,515,1015,Terror of Mechagodzilla,970000,0,1975-03-15,tt0073373
516,516,516,1016,The Story of Adele H.,763000,0,1975-10-08,tt0073114
517,517,517,1017,A Haunted House,532341,0,1975-01-23,tt0091944
518,518,518,1018,Forbidden Love Game,240775,0,1975-06-06,tt0073218
519,519,519,1019,Bizim Aile,214600,65700,1975-09-07,tt0456047
520,520,520,1040,Network,23689877,3800000,1976-11-14,tt0074958
521,521,521,1041,Marathon Man,21709020,6500000,1976-10-08,tt0074860
522,522,522,1042,The Pom Pom Girls,17883410,0,1976-05-01,tt0075086
523,523,523,1043,The Cassandra Crossing,15300000,6000000,1976-12-18,tt0074292
524,524,524,1044,The Message,15000000,10000000,1976-03-09,tt0074896
525,525,525,1045,The Body of My Enemy,13300000,2552781,1976-10-13,tt0074348
526,526,526,1046,The Smurfs and the Magic Flute,11234220,0,1976-01-21,tt0074539
527,527,527,1047,Gator,11000000,0,1976-08-25,tt0074564
528,528,528,1048,The Shootist,8091910,0,1976-08-11,tt0075213
529,529,529,1049,Family Plot,7900000,2000000,1976-04-09,tt0074512
530,530,530,1050,The Tenant,5100000,0,1976-05-26,tt0074811
531,531,531,1051,Obsession,4468000,1400000,1976-08-01,tt0074991
532,532,532,1052,Jackson County Jail,2300000,445000,1976-03-31,tt0074706
533,533,533,1053,Submission,2000000,0,1976-03-26,tt0076668
534,534,534,1054,Million Dollars Snatch,1515564,0,1976-08-13,tt0074743
535,535,535,1055,Cannonball,1500000,780000,1976-07-06,tt0074279
536,536,536,1056,Man on the Roof,1390687,483717,1976-10-01,tt0074857
537,537,537,1057,The Blue Bird,887000,12000000,1976-04-05,tt0074225
538,538,538,1058,Tosun Pasha,698200,64200,1976-02-01,tt0253828
539,539,539,1059,"Madrid, Costa Fleming",332528,0,1976-04-26,tt0073332
540,540,540,1080,The Bad News Bears in Breaking Training,19104350,0,1977-07-08,tt0075718
541,541,541,1081,Kingdom of the Spiders,17000000,500000,1977-08-24,tt0076271
542,542,542,1082,"New York, New York",16400000,14000000,1977-06-21,tt0076451
543,543,543,1083,Sinbad and the Eye of the Tiger,16000000,3500000,1977-07-15,tt0076716
544,544,544,1084,Orca,14717854,17500000,1977-07-22,tt0076504
545,545,545,1085,Breaker! Breaker!,12000000,250000,1977-04-01,tt0075783
546,546,546,1086,Capricorn One,12000000,5000000,1977-12-10,tt0077294
547,547,547,1087,Sorcerer,9000000,12000000,1977-06-24,tt0076740
548,548,548,1088,Wizards,9000000,1200000,1977-02-09,tt0076929
549,549,549,1089,Damnation Alley,8720000,17000000,1977-09-10,tt0075909
550,550,550,1090,The Greatest,8284000,0,1977-05-17,tt0076111
551,551,551,1091,Eraserhead,7000000,100000,1977-03-19,tt0074486
552,552,552,1092,The War in Space,4000000,2000000,1977-12-17,tt0076902
553,553,553,1093,"Race for Your Life, Charlie Brown",3223888,0,1977-08-24,tt0076591
554,554,554,1094,Tentacles,3000000,750000,1977-02-25,tt0076809
555,555,555,1095,Suspiria,2884265,0,1977-02-01,tt0076786
556,556,556,1096,Raggedy Ann & Andy: A Musical Adventure,1500000,4000000,1977-04-01,tt0076593
557,557,557,1097,The Last Wave,1258000,810000,1977-12-15,tt0076299
558,558,558,1098,The Invincible Armour,1191146,0,1977-06-29,tt0076939
559,559,559,1099,La violación,606755,0,1977-05-02,tt0075395
560,560,560,1120,The Fury,24000000,5500000,1978-03-10,tt0077588
561,561,561,1121,The Wiz,21049053,24000000,1978-10-24,tt0078504
562,562,562,1122,La Cage aux Folles,20424259,1100000,1978-10-25,tt0077288
563,563,563,1123,Eyes of Laura Mars,20000000,7000000,1978-08-02,tt0077530
564,564,564,1124,"Same Time, Next Year",19703082,1180000,1978-04-23,tt0078199
565,565,565,1125,Good Guys Wear Black,18300000,1000000,1978-06-01,tt0079227
566,566,566,1126,The One and Only,16928137,0,1978-02-03,tt0078034
567,567,567,1127,Return from Witch Mountain,16393000,0,1978-03-10,tt0078158
568,568,568,1128,Piranha,16000000,660000,1978-08-03,tt0078087
569,569,569,1129,Corvette Summer,15500000,0,1978-06-02,tt0077372
570,570,570,1130,Death on the Nile,14560084,7920000,1978-09-29,tt0077413
571,571,571,1131,The Buddy Holly Story,14363400,1200000,1978-05-18,tt0077280
572,572,572,1132,The Legacy,11364985,2500000,1978-09-01,tt0079450
573,573,573,1133,American Hot Wax,11000000,0,1978-03-17,tt0077158
574,574,574,1134,Interiors,10400000,10000000,1978-08-02,tt0077742
575,575,575,1135,Straight Time,9900000,0,1978-03-18,tt0078326
576,576,576,1136,The Wild Geese,9884149,11600000,1978-06-28,tt0078492
577,577,577,1137,Comes a Horseman,9585769,0,1978-10-25,tt0077360
578,578,578,1138,The Glacier Fox,8800000,4500000,1978-07-15,tt0079212
579,579,579,1139,The Swarm,7700000,21000000,1978-07-14,tt0078350
580,580,580,1160,The Black Hole,35841901,20000000,1979-12-18,tt0078869
581,581,581,1161,Starting Over,35649012,0,1979-10-05,tt0079948
582,582,582,1162,...And Justice for All,33300000,6000000,1979-10-19,tt0078718
583,583,583,1163,The Champ,30441738,0,1979-07-10,tt0078950
584,584,584,1164,Being There,30177511,0,1979-12-19,tt0078841
585,585,585,1165,The Rose,29174648,9250000,1979-11-07,tt0079826
586,586,586,1166,North Dallas Forty,26079312,0,1979-08-03,tt0079640
587,587,587,1167,Caligula,23438120,17500000,1979-08-14,tt0080491
588,588,588,1168,The Wanderers,23000000,0,1979-07-13,tt0080117
589,589,589,1169,The Warriors,22490039,4000000,1979-02-09,tt0080120
590,590,590,1170,Norma Rae,22228000,4500000,1979-03-02,tt0079638
591,591,591,1171,Buck Rogers in the 25th Century,21700000,3500000,1979-03-02,tt0077278
592,592,592,1172,Life of Brian,20745728,4000000,1979-08-17,tt0079470
593,593,593,1173,A Force of One,20166000,3500000,1979-06-01,tt0079168
594,594,594,1174,Tess,20101247,12000000,1979-10-06,tt0080009
595,595,595,1175,Breaking Away,20000000,2300000,1979-05-24,tt0078902
596,596,596,1176,Hair,15313606,11000000,1979-03-14,tt0079261
597,597,597,1177,More American Graffiti,15014674,2500000,1979-08-03,tt0079576
598,598,598,1178,The Concorde... Airport '79,13015688,14000000,1979-08-17,tt0078740
599,599,599,1179,Meteor,12600000,16000000,1979-10-19,tt0079550
600,600,600,1200,Cheech & Chong's Next Movie,41675194,0,1980-07-18,tt0080520
601,601,601,1201,Caddyshack,39846344,6000000,1980-07-25,tt0080487
602,602,602,1202,Brubaker,37121708,9000000,1980-06-20,tt0080474
603,603,603,1203,Dressed to Kill,31899000,6500000,1980-07-25,tt0080661
604,604,604,1204,Flash Gordon,27107960,35000000,1980-09-01,tt0080745
605,605,605,1205,The Elephant Man,26010864,5000000,1980-10-09,tt0080678
606,606,606,1206,Bronco Billy,24265583,6500000,1980-06-11,tt0080472
607,607,607,1207,Raging Bull,23000000,18000000,1980-11-14,tt0081398
608,608,608,1208,Xanadu,22762571,20000000,1980-08-08,tt0081777
609,609,609,1209,My Bodyguard,22482952,0,1980-07-11,tt0081207
610,610,610,1210,The Fog,21378361,1000000,1980-02-08,tt0080749
611,611,611,1211,Altered States,19853892,15000000,1980-12-25,tt0080360
612,612,612,1212,The Octagon,18971000,4000000,1980-08-14,tt0081259
613,613,613,1213,Herbie Goes Bananas,18000000,0,1980-06-25,tt0080861
614,614,614,1214,Rough Cut,16656125,14000000,1980-06-19,tt0081439
615,615,615,1215,The Final Countdown,16647800,12000000,1980-01-31,tt0080736
616,616,616,1216,Abdullah,16000000,0,1980-03-07,tt0259170
617,617,617,1217,Hero at Large,15934737,0,1980-02-08,tt0080863
618,618,618,1218,The Long Riders,15795189,10000000,1980-05-16,tt0081071
619,619,619,1219,The Island,15700000,22000000,1980-06-13,tt0080934
620,620,620,1240,Sharky's Machine,35610100,17500000,1981-12-18,tt0083064
621,621,621,1241,Excalibur,34967437,11000000,1981-04-10,tt0082348
622,622,622,1242,Endless Love,32492674,0,1981-07-17,tt0082329
623,623,623,1243,An American Werewolf in London,31973249,10000000,1981-08-21,tt0082010
624,624,624,1244,History of the World: Part I,31672907,11000000,1981-06-12,tt0082517
625,625,625,1245,Bustin' Loose,31300000,11000000,1981-05-22,tt0082121
626,626,626,1246,The Great Muppet Caper,31200000,14000000,1981-06-26,tt0082474
627,627,627,1247,Neighbors,29916207,8500000,1981-12-18,tt0082801
628,628,628,1248,The Fox and the Hound,29800000,12000000,1981-07-10,tt0082406
629,629,629,1249,The Evil Dead,29400000,350000,1981-09-10,tt0083907
630,630,630,1250,Escape to Victory,27453418,10000000,1981-06-17,tt0083284
631,631,631,1251,Private Lessons,26279000,2800000,1981-08-21,tt0082948
632,632,632,1252,Modern Problems,26154211,8000000,1981-12-25,tt0082763
633,633,633,1253,Halloween II,25533818,2500000,1981-10-30,tt0082495
634,634,634,1254,Mad Max 2,24600832,2000000,1981-12-24,tt0082694
635,635,635,1255,Body Heat,24058838,9000000,1981-08-28,tt0082089
636,636,636,1256,Friday the 13th Part 2,21722776,1250000,1981-05-01,tt0082418
637,637,637,1257,Omen III: The Final Conflict,20471382,0,1981-03-20,tt0082377
638,638,638,1258,Heavy Metal,20100000,9300000,1981-08-07,tt0082509
639,639,639,1259,Nighthawks,19905359,5000000,1981-03-17,tt0082817
640,640,640,1280,Tron,33000000,17000000,1982-07-09,tt0084827
641,641,641,1281,Young Doctors in Love,30688860,7500000,1982-07-16,tt0084938
642,642,642,1282,Sophie's Choice,30036000,12000000,1982-12-08,tt0084707
643,643,643,1283,The World According to Garp,29712172,17000000,1982-08-13,tt0084917
644,644,644,1284,Victor/Victoria,28215453,15000000,1982-04-25,tt0084865
645,645,645,1285,Airplane II: The Sequel,27150534,0,1982-12-10,tt0083530
646,646,646,1286,Fast Times at Ridgemont High,27092880,4500000,1982-08-13,tt0083929
647,647,647,1287,Some Kind of Hero,23671186,8000000,1982-04-02,tt0083107
648,648,648,1288,Pink Floyd: The Wall,22244207,12000000,1982-07-14,tt0084503
649,649,649,1289,Things Are Tough All Over,21134374,0,1982-08-04,tt0084788
650,650,650,1290,Night Shift,21095683,8100000,1982-07-30,tt0084412
651,651,651,1291,Creepshow,21028755,8000000,1982-11-12,tt0083767
652,652,652,1292,The Man from Snowy River,20659423,3500000,1982-03-25,tt0084296
653,653,653,1293,Six Pack,20225989,0,1982-07-16,tt0084690
654,654,654,1294,The Thing,19629760,15000000,1982-06-25,tt0084787
655,655,655,1295,Dead Men Don't Wear Plaid,18196170,9000000,1982-05-21,tt0083798
656,656,656,1296,They Call Me Bruce?,16894678,0,1982-11-10,tt0084786
657,657,657,1297,Shaolin Temple,16157801,0,1982-01-21,tt0079891
658,658,658,1298,Grease 2,15171476,13200000,1982-06-11,tt0084021
659,659,659,1299,The Secret of NIMH,14665733,7000000,1982-06-17,tt0084649
660,660,660,1320,Uncommon Valor,30503151,11000000,1983-12-16,tt0086508
661,661,661,1321,Yentl,30400000,12000000,1983-11-18,tt0086619
662,662,662,1322,Twilight Zone: The Movie,29450919,10000000,1983-06-24,tt0086491
663,663,663,1323,High Road to China,28400000,0,1983-03-18,tt0085678
664,664,664,1324,Spring Break,24071666,0,1983-03-25,tt0086352
665,665,665,1325,Two of a Kind,23646952,0,1983-01-01,tt0086494
666,666,666,1326,My Tutor,22587000,0,1983-03-04,tt0085980
667,667,667,1327,Class,21600000,7000000,1983-07-22,tt0085346
668,668,668,1328,The Right Stuff,21500000,27000000,1983-10-20,tt0086197
669,669,669,1329,Cujo,21200000,5000000,1983-08-10,tt0085382
670,670,670,1330,Christine,21200000,9700000,1983-05-11,tt0085333
671,671,671,1331,Mickey's Christmas Carol,21000000,3000000,1983-10-19,tt0085936
672,672,672,1332,The Dead Zone,20766616,10000000,1983-10-21,tt0085407
673,673,673,1333,A Christmas Story,20653717,3300000,1983-11-18,tt0085334
674,674,674,1334,Breathless,19910002,7500000,1983-05-13,tt0085276
675,675,675,1335,Valley Girl,17343596,350000,1983-04-08,tt0086525
676,676,676,1336,All the Right Moves,17233166,5600000,1983-10-21,tt0085154
677,677,677,1337,Krull,16519460,27000000,1983-07-29,tt0085811
678,678,678,1338,Spacehunter: Adventures in the Forbidden Zone,16500000,15000000,1983-05-20,tt0086346
679,679,679,1339,D.C. Cab,16134627,8000000,1983-12-16,tt0085387
680,680,680,1360,Red Dawn,38376497,17000000,1984-08-10,tt0087985
681,681,681,1361,City Heat,38348988,25000000,1984-12-05,tt0087062
682,682,682,1362,All of Me,36403064,0,1984-09-21,tt0086873
683,683,683,1363,The Killing Fields,34700291,14400000,1984-11-23,tt0087553
684,684,684,1364,Friday the 13th: The Final Chapter,32980880,2600000,1984-04-13,tt0087298
685,685,685,1365,Conan the Destroyer,31042035,18000000,1984-06-29,tt0087078
686,686,686,1366,Dune,30925690,40000000,1984-12-14,tt0087182
687,687,687,1367,Starman,28744356,22000000,1984-12-13,tt0088172
688,688,688,1368,The Last Starfighter,28733290,15000000,1984-07-13,tt0087597
689,689,689,1369,Cannonball Run II,28078073,0,1984-06-29,tt0087032
690,690,690,1370,A Passage to India,27201487,8000000,1984-12-14,tt0087892
691,691,691,1371,The Cotton Club,25928721,58000000,1984-12-14,tt0087089
692,692,692,1372,A Nightmare on Elm Street,25685134,1800000,1984-11-09,tt0087800
693,693,693,1373,The Muppets Take Manhattan,25500000,8000000,1984-06-27,tt0087755
694,694,694,1374,The Woman in Red,25308147,9000000,1984-08-15,tt0088414
695,695,695,1375,Moscow on the Hudson,25100000,0,1984-06-04,tt0087747
696,696,696,1376,Sixteen Candles,23686027,6500000,1984-05-04,tt0088128
697,697,697,1377,Missing in Action,22812411,1500000,1984-11-16,tt0087727
698,698,698,1378,A Soldier's Story,21821347,6000000,1984-09-14,tt0088146
699,699,699,1379,Rhinestone,21435321,28000000,1984-06-22,tt0088001
700,700,700,1400,White Nights,42160849,0,1985-11-22,tt0090319
701,701,701,1401,Pale Rider,41410568,6900000,1985-06-28,tt0089767
702,702,702,1402,Pee-wee's Big Adventure,40940662,6000000,1985-07-26,tt0089791
703,703,703,1403,Jagged Edge,40500000,15000000,1985-10-04,tt0089360
704,704,704,1404,Weird Science,38934048,7500000,1985-08-01,tt0090305
705,705,705,1405,St. Elmo's Fire,37803872,0,1985-06-28,tt0090060
706,706,706,1406,Mad Max Beyond Thunderdome,36230219,10000000,1985-06-29,tt0089530
707,707,707,1407,Ghoulies,35000000,1000000,1985-01-18,tt0089200
708,708,708,1408,Day of the Dead,34000000,3500000,1985-07-03,tt0088993
709,709,709,1409,Silverado,32192570,23000000,1985-07-10,tt0090022
710,710,710,1410,Murphy's Romance,30867525,13000000,1985-12-25,tt0089643
711,711,711,1411,A Nightmare on Elm Street Part 2: Freddy's Revenge,30000000,3000000,1985-11-01,tt0089686
712,712,712,1412,Desperately Seeking Susan,27400000,5000000,1985-03-29,tt0089017
713,713,713,1413,Prizzi's Honor,26657534,0,1985-06-14,tt0089841
714,714,714,1414,The Last Dragon,25754284,10000000,1985-03-22,tt0089461
715,715,715,1415,Fright Night,24922237,9000000,1985-08-02,tt0089175
716,716,716,1416,Summer Rental,24689703,0,1985-08-09,tt0090098
717,717,717,1417,The Emerald Forest,24467000,0,1985-06-22,tt0089087
718,718,718,1418,Santa Claus: The Movie,23717291,50000000,1985-10-29,tt0089961
719,719,719,1419,Friday the 13th: A New Beginning,21930418,2200000,1985-03-22,tt0089173
720,720,720,1440,Cobra,49042224,25000000,1986-03-21,tt0090859
721,721,721,1441,Heartbreak Ridge,42724017,15000000,1986-12-05,tt0091187
722,722,722,1442,Peggy Sue Got Married,41382841,18000000,1986-10-10,tt0091738
723,723,723,1443,Poltergeist II: The Other Side,40996665,19000000,1986-05-23,tt0091778
724,724,724,1444,Short Circuit,40697761,10000000,1986-05-09,tt0091949
725,725,725,1445,Pretty in Pink,40471663,9000000,1986-02-28,tt0091790
726,726,726,1446,Hannah and Her Sisters,40084041,6400000,1986-02-07,tt0091167
727,727,727,1447,¡Three Amigos!,39200000,25000000,1986-12-12,tt0092086
728,728,728,1448,Little Shop of Horrors,38748395,25000000,1986-12-19,tt0091419
729,729,729,1449,About Last Night...,38702310,8500000,1986-07-02,tt0090583
730,730,730,1450,The Great Mouse Detective,38625550,14000000,1986-07-02,tt0091149
731,731,731,1451,Howard the Duck,37962774,37000000,1986-08-01,tt0091225
732,732,732,1452,Gung Ho,36611610,13000000,1986-03-14,tt0091159
733,733,733,1453,Soul Man,35000000,4500000,1986-10-24,tt0091991
734,734,734,1454,Nothing in Common,32324557,12000000,1986-07-29,tt0091653
735,735,735,1455,Children of a Lesser God,31853080,0,1986-09-13,tt0090830
736,736,736,1456,Jumpin' Jack Flash,29844101,18000000,1986-04-23,tt0091306
737,737,737,1457,Hoosiers,28607524,9000000,1986-11-14,tt0091217
738,738,738,1458,The Morning After,25147055,0,1986-12-25,tt0091554
739,739,739,1459,Iron Eagle,24159872,18000000,1986-01-17,tt0091278
740,740,740,1480,La Bamba,54215416,6500000,1987-07-24,tt0093378
741,741,741,1481,RoboCop,53424681,13000000,1987-07-17,tt0093870
742,742,742,1482,Jaws: The Revenge,51881013,23000000,1987-07-17,tt0093300
743,743,743,1483,Eddie Murphy Raw,50504655,0,1987-11-25,tt0092948
744,744,744,1484,Harry and the Hendersons,49998613,10000000,1987-06-05,tt0093148
745,745,745,1485,"Planes, Trains and Automobiles",49500000,15000000,1987-11-26,tt0093748
746,746,746,1486,Full Metal Jacket,46357676,30000000,1987-06-26,tt0093058
747,747,747,1487,A Nightmare on Elm Street 3: Dream Warriors,44800000,4000000,1987-02-27,tt0093629
748,748,748,1488,The Last Emperor,43984230,23000000,1987-05-27,tt0093389
749,749,749,1489,Wall Street,43848069,15000000,1987-12-10,tt0094291
750,750,750,1490,Mannequin,42721196,6000000,1987-02-13,tt0093493
751,751,751,1491,Roxanne,40050884,12000000,1987-06-19,tt0093886
752,752,752,1492,Blind Date,39321715,18000000,1987-03-27,tt0092666
753,753,753,1493,The Running Man,38122105,27000000,1987-02-17,tt0093894
754,754,754,1494,Spaceballs,38119483,22700000,1987-06-24,tt0094012
755,755,755,1495,No Way Out,35509515,15000000,1987-08-14,tt0093640
756,756,756,1496,Summer School,35114428,0,1987-07-22,tt0094072
757,757,757,1497,Like Father Like Son,34377585,0,1987-10-02,tt0093418
758,758,758,1498,Adventures in Babysitting,34368475,7000000,1987-07-01,tt0092513
759,759,759,1499,The Lost Boys,32222567,8500000,1987-07-31,tt0093437
760,760,760,1520,Willow,57269863,35000000,1988-05-20,tt0096446
761,761,761,1521,Beaches,57041866,20000000,1988-12-21,tt0094715
762,762,762,1522,Biloxi Blues,51684798,20000000,1988-03-25,tt0094746
763,763,763,1523,Bull Durham,50888000,7000000,1988-06-15,tt0094812
764,764,764,1524,A Nightmare on Elm Street 4: The Dream Master,49400000,13000000,1988-08-19,tt0095742
765,765,765,1525,Colors,46616067,6000000,1988-04-15,tt0094894
766,766,766,1526,My Neighbor Totoro,45000000,3700000,1988-04-16,tt0096283
767,767,767,1527,Young Guns,44726644,13000000,1988-02-17,tt0096487
768,768,768,1528,Child's Play,44196684,9000000,1988-11-09,tt0094862
769,769,769,1529,Killer Klowns from Outer Space,43625095,2000000,1988-05-27,tt0095444
770,770,770,1530,The Great Outdoors,43455230,24000000,1988-06-17,tt0095253
771,771,771,1531,Dirty Rotten Scoundrels,42039085,0,1988-12-14,tt0095031
772,772,772,1532,Midnight Run,38413606,30000000,1988-07-20,tt0095631
773,773,773,1533,The Dead Pool,37903295,20000000,1988-04-14,tt0094963
774,774,774,1534,Red Heat,34994648,29000000,1988-06-17,tt0095963
775,775,775,1535,Dangerous Liaisons,34670720,14000000,1988-12-21,tt0094947
776,776,776,1536,Mississippi Burning,34604000,15000000,1988-12-08,tt0095647
777,777,777,1537,The Accidental Tourist,32632093,0,1988-12-23,tt0094606
778,778,778,1538,Alien Nation,32155047,16000000,1988-10-07,tt0094631
779,779,779,1539,Shoot to Kill,29300000,0,1988-02-12,tt0096098
780,780,780,1560,Uncle Buck,79258538,15000000,1989-08-16,tt0098554
781,781,781,1561,K-9,78247647,17000000,1989-04-28,tt0097637
782,782,782,1562,Major League,75000000,11000000,1989-02-16,tt0097815
783,783,783,1563,Always,74134790,31000000,1989-12-22,tt0096794
784,784,784,1564,National Lampoon's Christmas Vacation,71319546,27000000,1989-11-30,tt0097958
785,785,785,1565,Turner & Hooch,71079915,13000000,1989-07-28,tt0098536
786,786,786,1566,Star Trek V: The Final Frontier,70200000,30000000,1989-06-09,tt0098382
787,787,787,1567,Tango & Cash,63408614,55000000,1989-12-22,tt0098439
788,788,788,1568,C.H.U.D. II: Bud the Chud,62405000,49200000,1989-05-05,tt0097001
789,789,789,1569,Harlem Nights,60864870,30000000,1989-11-17,tt0097481
790,790,790,1570,Pet Sematary,57469467,11500000,1989-04-21,tt0098084
791,791,791,1571,The 'Burbs,49101993,18000000,1989-02-17,tt0096734
792,792,792,1572,"See No Evil, Hear No Evil",46908987,18000000,1989-05-12,tt0098282
793,793,793,1573,Three Fugitives,40590000,15000000,1989-01-27,tt0098471
794,794,794,1574,Bill & Ted's Excellent Adventure,40485039,10000000,1989-02-17,tt0096928
795,795,795,1575,The Karate Kid Part III,38956288,12500000,1989-06-29,tt0097647
796,796,796,1576,The Fly II,38903179,0,1989-02-10,tt0097368
797,797,797,1577,Do the Right Thing,37295445,6500000,1989-06-14,tt0097216
798,798,798,1578,Fletch Lives,35150960,8045760,1989-03-17,tt0097366
799,799,799,1579,Miracles,34036029,0,1989-06-15,tt0098019
800,800,800,1600,Misery,61276872,20000000,1990-11-30,tt0100157
801,801,801,1601,Young Guns II,59000000,20000000,1990-08-01,tt0100994
802,802,802,1602,Air America,57700000,35000000,1990-08-10,tt0099005
803,803,803,1603,Predator 2,57120318,35000000,1990-11-20,tt0100403
804,804,804,1604,Leatherface: The Texas Chainsaw Massacre III,55765562,2000000,1990-01-12,tt0099994
805,805,805,1605,Pacific Heights,55000000,18000000,1990-09-28,tt0100318
806,806,806,1606,Arachnophobia,53208180,31000000,1990-07-20,tt0099052
807,807,807,1607,Edward Scissorhands,53000000,20000000,1990-12-05,tt0099487
808,808,808,1608,Awakenings,52096475,0,1990-12-04,tt0099077
809,809,809,1609,Darkman,48878502,16000000,1990-08-24,tt0099365
810,810,810,1610,Tremors,48572000,11000000,1990-01-19,tt0100814
811,811,811,1611,Look Who's Talking Too,47789074,0,1990-12-14,tt0100050
812,812,812,1612,The Rescuers Down Under,47431461,37931000,1990-11-16,tt0100477
813,813,813,1613,Hard to Kill,47410000,10000000,1990-02-09,tt0099739
814,814,814,1614,GoodFellas,46835000,25000000,1990-09-12,tt0099685
815,815,815,1615,Marked for Death,46044400,12000000,1990-10-05,tt0100114
816,816,816,1616,RoboCop 2,45681173,35000000,1990-06-22,tt0100502
817,817,817,1617,Gremlins 2: The New Batch,41482207,50000000,1990-06-15,tt0099700
818,818,818,1618,Joe Versus the Volcano,39404261,25000000,1990-03-09,tt0099892
819,819,819,1619,Postcards from the Edge,39071603,22000000,1990-09-14,tt0100395
820,820,820,1640,The Hard Way,65595485,24000000,1991-03-08,tt0102004
821,821,821,1641,What About Bob?,63710000,35000000,1991-05-17,tt0103241
822,822,822,1642,The Last Boy Scout,59509925,29000000,1991-03-19,tt0102266
823,823,823,1643,My Girl,59490000,17000000,1991-01-01,tt0102492
824,824,824,1644,Boyz n the Hood,57504069,6500000,1991-07-12,tt0101507
825,825,825,1645,Doc Hollywood,54830779,20000000,1991-08-02,tt0101745
826,826,826,1646,King Ralph,52487045,23000000,1991-02-15,tt0102216
827,827,827,1647,Bugsy,49114016,30000000,1991-12-10,tt0101516
828,828,828,1648,New Jack City,47624253,8500000,1991-03-08,tt0102526
829,829,829,1649,The Rocketeer,46704056,42000000,1991-06-21,tt0102803
830,830,830,1650,Thelma & Louise,45361000,16000000,1991-05-24,tt0103074
831,831,831,1651,Regarding Henry,43001500,25000000,1991-07-10,tt0102768
832,832,832,1652,The Fisher King,41895491,24000000,1991-09-20,tt0101889
833,833,833,1653,Grand Canyon,40991329,0,1991-12-25,tt0101969
834,834,834,1654,An American Tail: Fievel Goes West,40766041,0,1991-11-21,tt0101329
835,835,835,1655,Out for Justice,39673161,14000000,1991-04-12,tt0102614
836,836,836,1656,The Doctor,38120905,12000000,1991-07-24,tt0101746
837,837,837,1657,Dead Again,38016380,0,1991-08-23,tt0101669
838,838,838,1658,Soapdish,36489888,0,1991-05-31,tt0102951
839,839,839,1659,Freddy's Dead: The Final Nightmare,34900000,11000000,1991-09-05,tt0101917
840,840,840,1680,Sneakers,105232691,23000000,1992-09-09,tt0105435
841,841,841,1681,White Men Can't Jump,90753806,0,1992-03-26,tt0105812
842,842,842,1682,The Hand that Rocks the Cradle,88036683,11700000,1992-01-10,tt0104389
843,843,843,1683,The Distinguished Gentleman,83000000,50000000,1992-12-04,tt0104114
844,844,844,1684,The Last of the Mohicans,75505856,40000000,1992-08-26,tt0104691
845,845,845,1685,Stop! Or My Mom Will Shoot,70611210,0,1992-02-21,tt0105477
846,846,846,1686,Boomerang,70100000,40000000,1992-06-30,tt0103859
847,847,847,1687,My Cousin Vinny,64088552,11000000,1992-03-13,tt0104952
848,848,848,1688,The Crying Game,62548947,3705538,1992-09-02,tt0104036
849,849,849,1689,"Honey, I Blew Up the Kid",58662452,40000000,1992-07-16,tt0104437
850,850,850,1690,Unlawful Entry,57138719,23000000,1992-06-26,tt0105699
851,851,851,1691,The Mighty Ducks,50752337,10000000,1992-10-02,tt0104868
852,852,852,1692,Malcolm X,48169908,34000000,1992-11-18,tt0104797
853,853,853,1693,Single White Female,48017402,16000000,1992-08-14,tt0105414
854,854,854,1694,Medicine Man,45500797,40000000,1992-02-07,tt0104839
855,855,855,1695,Passenger 57,44065653,15000000,1992-11-06,tt0105104
856,856,856,1696,Shining Through,43838238,0,1992-01-31,tt0105391
857,857,857,1697,A River Runs Through It,43440294,12000000,1992-10-09,tt0105265
858,858,858,1698,Encino Man,40693477,0,1992-05-22,tt0104187
859,859,859,1699,Mo' Money,40227006,17000000,1992-07-24,tt0104897
860,860,860,1720,Rising Sun,107198790,40000000,1993-07-30,tt0107969
861,861,861,1721,Dave,92000000,28000000,1993-05-07,tt0106673
862,862,862,1722,The Nightmare Before Christmas,75634409,24000000,1993-10-09,tt0107688
863,863,863,1723,Hard Target,74189677,18000000,1993-08-20,tt0107076
864,864,864,1724,Groundhog Day,71074049,14600000,1993-02-11,tt0107048
865,865,865,1725,Grumpy Old Men,70200000,35100000,1993-12-25,tt0107050
866,866,866,1726,In the Name of the Father,65796862,13000000,1993-12-12,tt0107207
867,867,867,1727,Nowhere to Run,64000000,15000000,1993-01-15,tt0107711
868,868,868,1728,Carlito's Way,63848322,30000000,1993-11-10,tt0106519
869,869,869,1729,Dragon: The Bruce Lee Story,63513743,14000000,1993-05-07,tt0106770
870,870,870,1730,The Good Son,60613008,17000000,1993-09-24,tt0107034
871,871,871,1731,Demolition Man,58055768,57000000,1993-10-08,tt0106697
872,872,872,1732,Sister Act 2: Back in the Habit,57319029,38000000,1993-12-09,tt0108147
873,873,873,1733,Tombstone,56505065,25000000,1993-12-25,tt0108358
874,874,874,1734,Rookie of the Year,56500758,31000000,1993-07-07,tt0107985
875,875,875,1735,The Three Musketeers,53898845,30000000,1993-11-11,tt0108333
876,876,876,1736,Addams Family Values,48919043,47000000,1993-11-19,tt0106220
877,877,877,1737,Wayne's World 2,48198019,40000000,1993-12-10,tt0108525
878,878,878,1738,Malice,46405336,20000000,1993-09-29,tt0107497
879,879,879,1739,Teenage Mutant Ninja Turtles III,42273609,21000000,1993-03-17,tt0108308
880,880,880,1760,The Client,117615211,45000000,1994-07-20,tt0109446
881,881,881,1761,Mary Shelley's Frankenstein,112006296,45000000,1994-11-04,tt0109836
882,882,882,1762,Junior,108431355,60000000,1994-11-22,tt0110216
883,883,883,1763,Ace Ventura: Pet Detective,107217396,15000000,1994-02-04,tt0109040
884,884,884,1764,Nell,106683817,31000000,1994-12-23,tt0110638
885,885,885,1765,Timecop,101646581,27000000,1994-09-15,tt0111438
886,886,886,1766,Street Fighter,99423521,35000000,1994-12-23,tt0111301
887,887,887,1767,The River Wild,94216343,45000000,1994-09-30,tt0110997
888,888,888,1768,Don Juan DeMarco,68792531,25000000,1994-10-12,tt0112883
889,889,889,1769,The Little Rascals,67308282,0,1994-08-05,tt0110366
890,890,890,1770,I Love Trouble,61947267,45000000,1994-06-29,tt0110093
891,891,891,1771,New Nightmare,57000000,8000000,1994-10-13,tt0111686
892,892,892,1772,Naked Gun 33⅓: The Final Insult,51132598,30000000,1994-03-18,tt0110622
893,893,893,1773,The Crow,50694672,23000000,1994-05-11,tt0109506
894,894,894,1774,Natural Born Killers,50283563,34000000,1994-08-25,tt0110632
895,895,895,1775,Angels in the Outfield,50236831,31000000,1994-07-15,tt0109127
896,896,896,1776,Little Women,50083616,18000000,1994-12-21,tt0110367
897,897,897,1777,When a Man Loves a Woman,50021959,0,1994-04-29,tt0111693
898,898,898,1778,On Deadly Ground,49000000,50000000,1994-02-18,tt0110725
899,899,899,1779,The Paper,48400000,6000000,1994-03-18,tt0110771
900,900,900,1800,Congo,152022101,50000000,1995-06-09,tt0112715
901,901,901,1801,Bad Boys,141407024,19000000,1995-04-07,tt0112442
902,902,902,1802,Nine Months,138510230,0,1995-07-12,tt0113986
903,903,903,1803,Sense and Sensibility,134582776,16000000,1995-12-13,tt0114388
904,904,904,1804,First Knight,127600435,55000000,1995-07-07,tt0113071
905,905,905,1805,Mortal Kombat,122195920,18000000,1995-08-18,tt0113855
906,906,906,1806,Casino,116112375,52000000,1995-11-22,tt0112641
907,907,907,1807,Get Shorty,115101622,30250000,1995-10-20,tt0113161
908,908,908,1808,Judge Dredd,113493481,90000000,1995-06-30,tt0113492
909,909,909,1809,Species,113374103,35000000,1995-07-07,tt0114508
910,910,910,1810,The Net,110627965,22000000,1995-07-28,tt0113957
911,911,911,1811,The American President,107879496,62000000,1995-11-17,tt0112346
912,912,912,1812,Mr. Holland's Opus,106269971,31000000,1995-12-29,tt0113862
913,913,913,1813,Under Siege 2: Dark Territory,104324083,60000000,1995-07-13,tt0114781
914,914,914,1814,Dead Man,103800000,9000000,1995-12-23,tt0112817
915,915,915,1815,French Kiss,101982854,0,1995-05-05,tt0113117
916,916,916,1816,Dilwale Dulhania Le Jayenge,100000000,13200000,1995-10-19,tt0112870
917,917,917,1817,The Living Sea,87600000,0,1995-02-01,tt0113676
918,918,918,1818,Waiting to Exhale,81452156,16000000,1995-12-22,tt0114885
919,919,919,1819,Money Train,77224232,68000000,1995-11-21,tt0113845
920,920,920,1840,Evita,141047179,55000000,1996-12-14,tt0116250
921,921,921,1841,Jingle All the Way,129832389,60000000,1996-11-21,tt0116705
922,922,922,1842,The Nutty Professor,128769345,54000000,1996-06-26,tt0117218
923,923,923,1843,Executive Decision,121969216,55000000,1996-03-15,tt0116253
924,924,924,1844,Michael,119718203,0,1996-12-25,tt0117038
925,925,925,1845,The First Wives Club,116400000,26000000,1996-09-20,tt0116313
926,926,926,1846,DragonHeart,115267375,57000000,1996-05-31,tt0116136
927,927,927,1847,Striptease,113309743,50000000,1996-06-28,tt0117765
928,928,928,1848,The Cable Guy,102825796,47000000,1996-06-10,tt0115798
929,929,929,1849,Primal Fear,102616183,30000000,1996-03-06,tt0117381
930,930,930,1850,Mars Attacks!,101371017,70000000,1996-12-12,tt0116996
931,931,931,1851,Courage Under Fire,100860818,46000000,1996-07-04,tt0115956
932,932,932,1852,One Fine Day,97529550,0,1996-12-20,tt0117247
933,933,933,1853,The Long Kiss Goodnight,89456761,65000000,1996-10-11,tt0116908
934,934,934,1854,Beavis and Butt-Head Do America,63118386,12000000,1996-12-15,tt0115641
935,935,935,1855,Fargo,60611975,7000000,1996-03-08,tt0116282
936,936,936,1856,Chain Reaction,60209334,50000000,1996-08-02,tt0115857
937,937,937,1857,Jack,58620973,45000000,1996-08-09,tt0116669
938,938,938,1858,The Quest,57400547,30000000,1996-04-19,tt0117420
939,939,939,1859,Tin Cup,53854588,45000000,1996-08-16,tt0117918
940,940,940,1880,Scream 2,172363301,24000000,1997-12-12,tt0120082
941,941,941,1881,Contact,171120329,90000000,1997-07-11,tt0118884
942,942,942,1882,Michael Jackson: HIStory World Tour - Live in Copenhagen,165000000,0,1997-10-05,
943,943,943,1883,Michael Jackson: HIStory Tour - Live in Munich,165000000,0,1997-07-06,tt7625046
944,944,944,1884,Speed 2: Cruise Control,164508066,160000000,1997-06-13,tt0120179
945,945,945,1885,Alien Resurrection,162000000,70000000,1997-11-12,tt0118583
946,946,946,1886,Love's Deadly Triangle: The Texas Cadet Murder,161001698,14000000,1997-02-20,tt0119579
947,947,947,1887,Princess Mononoke,159414369,26500000,1997-07-12,tt0119698
948,948,948,1888,The Jackal,159330280,60000000,1997-11-14,tt0119395
949,949,949,1889,The Devil's Advocate,152944660,57000000,1997-10-17,tt0118971
950,950,950,1890,The Devil's Own,140807547,90000000,1997-03-13,tt0118972
951,951,951,1891,Anastasia,139804348,53000000,1997-11-20,tt0118617
952,952,952,1892,Conspiracy Theory,136982834,75000000,1997-08-08,tt0118883
953,953,953,1893,Anaconda,136885767,45000000,1997-04-11,tt0118615
954,954,954,1894,Seven Years in Tibet,131457682,70000000,1997-09-12,tt0120102
955,955,955,1895,L.A. Confidential,126216940,35000000,1997-09-19,tt0119488
956,956,956,1896,I Know What You Did Last Summer,125586134,17000000,1997-10-17,tt0119345
957,957,957,1897,Donnie Brasco,124909762,35000000,1997-02-27,tt0119008
958,958,958,1898,Volcano,122823468,90000000,1997-04-25,tt0120461
959,959,959,1899,MouseHunt,122417389,38000000,1997-12-19,tt0119715
960,960,960,1920,The Waterboy,185991646,23000000,1998-11-06,tt0120484
961,961,961,1921,The Man in the Iron Mask,182968902,35000000,1998-03-12,tt0120744
962,962,962,1922,Antz,171757863,60000000,1998-10-02,tt0120587
963,963,963,1923,Six Days Seven Nights,164839294,70000000,1998-06-12,tt0120828
964,964,964,1924,Pokémon: The First Movie,163644662,30000000,1998-07-18,tt0190641
965,965,965,1925,Stepmom,159710793,50000000,1998-12-25,tt0120686
966,966,966,1926,Meet Joe Black,142940100,90000000,1998-11-12,tt0119643
967,967,967,1927,Lost in Space,136159423,80000000,1998-04-03,tt0120738
968,968,968,1928,Blade,131183530,45000000,1998-08-21,tt0120611
969,969,969,1929,A Perfect Murder,128038368,60000000,1998-06-05,tt0120787
970,970,970,1930,The Wedding Singer,123306987,18000000,1998-02-13,tt0120888
971,971,971,1931,Star Trek: Insurrection,118000000,70000000,1998-12-11,tt0120844
972,972,972,1932,The Siege,116672912,70000000,1998-11-06,tt0133952
973,973,973,1933,Snake Eyes,103891409,73000000,1998-08-07,tt0120832
974,974,974,1934,U.S. Marshals,102367405,60000000,1998-03-06,tt0120873
975,975,975,1935,The Rugrats Movie,100491683,30000000,1998-11-20,tt0134067
976,976,976,1936,Bayside Shakedown,98980000,0,1998-10-31,tt0210199
977,977,977,1937,The Thin Red Line,98126565,52000000,1998-12-25,tt0120863
978,978,978,1938,Mercury Rising,93107289,60000000,1998-04-03,tt0120749
979,979,979,1939,The Parent Trap,92108518,15000000,1998-07-28,tt0120783
980,980,980,1960,Double Jeopardy,177841558,70000000,1999-09-24,tt0150377
981,981,981,1961,Analyze This,176885658,80000000,1999-03-05,tt0122933
982,982,982,1962,Deep Blue Sea,164648142,60000000,1999-07-28,tt0149261
983,983,983,1963,Pokémon: The Movie 2000,163649270,30000000,1999-07-17,tt0210234
984,984,984,1964,Eyes Wide Shut,162091208,65000000,1999-07-16,tt0120663
985,985,985,1965,Payback,161626121,90000000,1999-02-05,tt0120784
986,986,986,1966,The Bone Collector,151493655,73000000,1999-11-04,tt0145681
987,987,987,1967,The General's Daughter,149705852,60000000,1999-06-18,tt0144214
988,988,988,1968,Inspector Gadget,134400000,75000000,1999-07-23,tt0141369
989,989,989,1969,The Talented Mr. Ripley,128798265,40000000,1999-12-25,tt0134119
990,990,990,1970,The Thomas Crown Affair,124305181,48000000,1999-08-06,tt0155267
991,991,991,1971,Message in a Bottle,118880016,80000000,1999-02-22,tt0139462
992,992,992,1972,Blue Streak,117758500,65000000,1999-09-17,tt0181316
993,993,993,1973,Anna and the King,113996937,75000000,1999-12-16,tt0166485
994,994,994,1974,Three Kings,108000000,75000000,1999-04-21,tt0120188
995,995,995,1975,She's All That,103166989,10000000,1999-01-29,tt0160862
996,996,996,1976,Fight Club,100853753,63000000,1999-10-15,tt0137523
997,997,997,1977,Any Given Sunday,100230832,55000000,1999-12-22,tt0146838
998,998,998,1978,Bowfinger,98625775,55000000,1999-08-12,tt0131325
999,999,999,1979,8MM,96618699,40000000,1999-02-26,tt0134273
1000,1000,1000,2000,"Crouching Tiger, Hidden Dragon",213525736,17000000,2000-07-06,tt0190332
1001,1001,1001,2001,Miss Congeniality,212000000,45000000,2000-12-22,tt0212346
1002,1002,1002,2002,Traffic,207515725,48000000,2000-03-23,tt0181865
1003,1003,1003,2003,Hollow Man,190213455,95000000,2000-08-04,tt0164052
1004,1004,1004,2004,102 Dalmatians,183611771,85000000,2000-10-07,tt0211181
1005,1005,1005,2005,Big Momma's House,173959438,30000000,2000-05-31,tt0208003
1006,1006,1006,2006,The Emperor's New Groove,169327687,100000000,2000-12-15,tt0120917
1007,1007,1007,2007,Scream 3,161834276,40000000,2000-02-03,tt0134084
1008,1008,1008,2008,Chocolat,152500343,25000000,2000-03-02,tt0241303
1009,1009,1009,2009,"Me, Myself & Irene",149270999,51000000,2000-06-22,tt0183505
1010,1010,1010,2010,The Beach,144056873,40000000,2000-02-03,tt0163978
1011,1011,1011,2011,Remember the Titans,136706683,30000000,2000-09-29,tt0210945
1012,1012,1012,2012,Space Cowboys,128884132,65000000,2000-08-04,tt0186566
1013,1013,1013,2013,U-571,127666415,62000000,2000-04-20,tt0141926
1014,1014,1014,2014,The Family Man,124700000,60000000,2000-12-12,tt0218967
1015,1015,1015,2015,Nutty Professor II: The Klumps,123307945,84000000,2000-07-27,tt0144528
1016,1016,1016,2016,Road Trip,119754278,16000000,2000-05-19,tt0215129
1017,1017,1017,2017,Coyote Ugly,113916474,45000000,2000-07-30,tt0200550
1018,1018,1018,2018,Final Destination,112880294,23000000,2000-03-17,tt0195714
1019,1019,1019,2019,The Kid,110317580,65000000,2000-07-07,tt0219854
1020,1020,1020,2040,Atlantis: The Lost Empire,186053725,120000000,2001-06-02,tt0230011
1021,1021,1021,2041,Moulin Rouge!,179213434,52500000,2001-05-24,tt0203009
1022,1022,1022,2042,Dr. Dolittle 2,176104344,70000000,2001-06-22,tt0240462
1023,1023,1023,2043,Amélie,173921954,10000000,2001-04-25,tt0211915
1024,1024,1024,2044,Black Hawk Down,172989651,92000000,2001-12-28,tt0265086
1025,1025,1025,2045,The Princess Diaries,165335153,37000000,2001-08-03,tt0247638
1026,1026,1026,2046,Spy Kids,147934180,35000000,2001-03-18,tt0227538
1027,1027,1027,2047,The Mexican,147845033,57000000,2001-03-01,tt0236493
1028,1028,1028,2048,Swordfish,147080413,102000000,2001-06-07,tt0244244
1029,1029,1029,2049,Spy Game,143049560,115000000,2001-11-18,tt0266987
1030,1030,1030,2050,Legally Blonde,141774679,18000000,2001-07-13,tt0250494
1031,1031,1031,2051,Scary Movie 2,141220678,45000000,2001-07-04,tt0257106
1032,1032,1032,2052,Shallow Hal,141069860,40000000,2001-11-01,tt0256380
1033,1033,1033,2053,America's Sweethearts,138191428,64400000,2001-07-17,tt0265029
1034,1034,1034,2054,Save the Last Dance,131706809,13000000,2001-01-12,tt0206275
1035,1035,1035,2055,A Gambler's Story,123021750,12500000,2001-10-11,tt0445841
1036,1036,1036,2056,A Knight's Tale,117487473,65000000,2001-05-11,tt0183790
1037,1037,1037,2057,The Score,113579918,68000000,2001-07-13,tt0227445
1038,1038,1038,2058,Along Came a Spider,105178561,60000000,2001-04-06,tt0164334
1039,1039,1039,2059,Training Day,104876233,45000000,2001-10-05,tt0139654
1040,1040,1040,2080,Two Weeks Notice,199043242,60000000,2002-12-19,tt0313737
1041,1041,1041,2081,Panic Room,197079546,48000000,2002-03-29,tt0258000
1042,1042,1042,2082,The Sum of All Fears,193921372,68000000,2002-05-31,tt0164184
1043,1043,1043,2083,Gangs of New York,193772504,100000000,2002-12-14,tt0217505
1044,1044,1044,2084,Road to Perdition,181001478,80000000,2002-07-12,tt0257044
1045,1045,1045,2085,Sweet Home Alabama,180622424,30000000,2002-09-26,tt0256415
1046,1046,1046,2086,Hero,177394432,31000000,2002-07-22,tt0299977
1047,1047,1047,2087,The Santa Clause 2,172842355,65000000,2002-10-31,tt0304669
1048,1048,1048,2088,Mr. Deeds,171269535,50000000,2002-06-28,tt0280590
1049,1049,1049,2089,Stuart Little 2,169956806,120000000,2002-07-19,tt0243585
1050,1050,1050,2090,The Scorpion King,165333180,60000000,2002-04-18,tt0277296
1051,1051,1051,2091,Space Station 3D,163333893,0,2002-04-17,tt0290296
1052,1052,1052,2092,Blade II,155010032,54000000,2002-03-22,tt0187738
1053,1053,1053,2093,Maid in Manhattan,154906693,55000000,2002-12-13,tt0252076
1054,1054,1054,2094,About a Boy,129000000,27000000,2002-04-26,tt0276751
1055,1055,1055,2095,Asterix & Obelix: Mission Cleopatra,128027976,58500000,2002-01-30,tt0250223
1056,1056,1056,2096,The Time Machine,123729176,80000000,2002-03-04,tt0268695
1057,1057,1057,2097,Spirit: Stallion of the Cimarron,122563539,80000000,2002-05-24,tt0166813
1058,1058,1058,2098,The Pianist,120072577,35000000,2002-09-17,tt0253474
1059,1059,1059,2099,Spy Kids 2: The Island of Lost Dreams,119723358,38000000,2002-08-07,tt0287717
1060,1060,1060,2120,Master and Commander: The Far Side of the World,212011111,150000000,2003-11-14,tt0311113
1061,1061,1061,2121,Spy Kids 3-D: Game Over,197011982,38000000,2003-07-25,tt0338459
1062,1062,1062,2122,Anger Management,195745823,75000000,2003-04-11,tt0305224
1063,1063,1063,2123,Cheaper by the Dozen,190212113,40000000,2003-12-24,tt0349205
1064,1064,1064,2124,The Haunted Mansion,182290266,90000000,2003-11-25,tt0338094
1065,1065,1065,2125,Kill Bill: Vol. 1,180906076,30000000,2003-10-10,tt0266697
1066,1066,1066,2126,The League of Extraordinary Gentlemen,179265204,78000000,2003-07-11,tt0311429
1067,1067,1067,2127,Daredevil,179179718,78000000,2003-02-14,tt0287978
1068,1068,1068,2128,How to Lose a Guy in 10 Days,177502387,50000000,2003-02-07,tt0251127
1069,1069,1069,2129,The Italian Job,176070171,60000000,2003-05-30,tt0317740
1070,1070,1070,2130,Cold Mountain,173013509,79000000,2003-12-24,tt0159365
1071,1071,1071,2131,Bayside Shakedown 2,170030016,0,2003-07-19,tt0378475
1072,1072,1072,2132,Daddy Day Care,164433867,60000000,2003-05-09,tt0317303
1073,1073,1073,2133,Freaky Friday,160846332,26000000,2003-08-05,tt0322330
1074,1074,1074,2134,Johnny English,160583018,40000000,2003-03-14,tt0274166
1075,1075,1075,2135,Lara Croft: Tomb Raider - The Cradle of Life,160099222,95000000,2003-07-21,tt0325703
1076,1076,1076,2136,Mystic River,156822020,25000000,2003-01-01,tt0327056
1077,1077,1077,2137,Seabiscuit,148336445,87000000,2003-07-22,tt0329575
1078,1078,1078,2138,Gothika,141591324,40000000,2003-11-21,tt0348836
1079,1079,1079,2139,Baywatch: Hawaiian Wedding,136000000,5500000,2003-02-28,tt0337851
1080,1080,1080,2160,Collateral,217764291,65000000,2004-08-04,tt0369339
1081,1081,1081,2161,Million Dollar Baby,216763646,30000000,2004-12-15,tt0405159
1082,1082,1082,2162,The Aviator,213700000,110000000,2004-12-17,tt0338751
1083,1083,1083,2163,Lemony Snicket's A Series of Unfortunate Events,209073645,140000000,2004-12-16,tt0339291
1084,1084,1084,2164,King Arthur,203567857,120000000,2004-07-07,tt0349683
1085,1085,1085,2165,Garfield,200804534,50000000,2004-06-10,tt0356634
1086,1086,1086,2166,50 First Dates,196482882,75000000,2004-02-13,tt0343660
1087,1087,1087,2167,The Grudge,183474602,10000000,2004-10-22,tt0391198
1088,1088,1088,2168,Scooby-Doo 2: Monsters Unleashed,181466833,80000000,2004-03-24,tt0331632
1089,1089,1089,2169,Along Came Polly,178311729,42000000,2004-01-16,tt0343135
1090,1090,1090,2170,AVP: Alien vs. Predator,177427090,70000000,2004-08-12,tt0370263
1091,1091,1091,2171,Starsky & Hutch,170268750,60000000,2004-03-05,tt0335438
1092,1092,1092,2172,Shall We Dance?,170128460,50000000,2004-10-15,tt0358135
1093,1093,1093,2173,DodgeBall: A True Underdog Story,167722310,20000000,2004-06-18,tt0364725
1094,1094,1094,2174,Alexander,167298192,155000000,2004-11-21,tt0346491
1095,1095,1095,2175,The Phantom of the Opera,154648887,70000000,2004-12-08,tt0293508
1096,1096,1096,2176,Kill Bill: Vol. 2,152159461,30000000,2004-04-16,tt0378194
1097,1097,1097,2177,Home on the Range,145358062,110000000,2004-04-02,tt0299172
1098,1098,1098,2178,The SpongeBob SquarePants Movie,140161792,30000000,2004-11-14,tt0345950
1099,1099,1099,2179,The Princess Diaries 2: Royal Engagement,134734481,40000000,2004-08-06,tt0368933
1100,1100,1100,2200,Wallace & Gromit: The Curse of the Were-Rabbit,192610372,30000000,2005-09-04,tt0312004
1101,1101,1101,2201,The Longest Yard,190320568,82000000,2005-05-27,tt0398165
1102,1102,1102,2202,Walk the Line,186797986,28000000,2005-09-13,tt0358273
1103,1103,1103,2203,Brokeback Mountain,178043761,14000000,2005-09-10,tt0388795
1104,1104,1104,2204,The 40 Year Old Virgin,177378645,26000000,2005-08-11,tt0405422
1105,1105,1105,2205,The Island,162949164,126000000,2005-07-21,tt0399201
1106,1106,1106,2206,The Interpreter,162944923,80000000,2005-04-08,tt0373926
1107,1107,1107,2207,Memoirs of a Geisha,162242962,85000000,2005-12-06,tt0397535
1108,1108,1108,2208,The Ring Two,161451538,50000000,2005-03-17,tt0377109
1109,1109,1109,2209,Sin City,158733820,40000000,2005-04-01,tt0401792
1110,1110,1110,2210,Monster-in-Law,154749918,43000000,2005-05-13,tt0369735
1111,1111,1111,2211,Saw II,147748505,4000000,2005-10-28,tt0432348
1112,1112,1112,2212,The Exorcism of Emily Rose,145166804,19000000,2005-09-09,tt0404032
1113,1113,1113,2213,Herbie Fully Loaded,144146816,50000000,2005-06-22,tt0400497
1114,1114,1114,2214,The Legend of Zorro,142400065,75000000,2005-10-24,tt0386140
1115,1115,1115,2215,Bewitched,131426169,85000000,2005-06-21,tt0374536
1116,1116,1116,2216,Munich,130982129,70000000,2005-12-23,tt0408306
1117,1117,1117,2217,Cheaper by the Dozen 2,129181830,60000000,2005-12-21,tt0452598
1118,1118,1118,2218,March of the Penguins,127392239,3300000,2005-01-26,tt0428803
1119,1119,1119,2219,Hide and Seek,127369981,30000000,2005-01-27,tt0382077
1120,1120,1120,2240,Inside Man,186003591,45000000,2006-03-17,tt0454848
1121,1121,1121,2241,Poseidon,181674817,160000000,2006-05-10,tt0409182
1122,1122,1122,2242,Déjà Vu,180557550,75000000,2006-11-22,tt0453467
1123,1123,1123,2243,The Visual Effects of 'Scary Movie 4',178262620,45000000,2006-04-20,tt0918662
1124,1124,1124,2244,Scary Movie 4,178262620,45000000,2006-04-12,tt0362120
1125,1125,1125,2245,Flushed Away,178120010,149000000,2006-10-22,tt0424095
1126,1126,1126,2246,Blood Diamond,171720398,100000000,2006-12-07,tt0450259
1127,1127,1127,2247,Saw III,164874275,10000000,2006-10-27,tt0489270
1128,1128,1128,2248,Miami Vice,163794509,135000000,2006-07-27,tt0430357
1129,1129,1129,2249,World Trade Center,163247198,65000000,2006-08-09,tt0469641
1130,1130,1130,2250,Talladega Nights: The Ballad of Ricky Bobby,162966177,72500000,2006-08-04,tt0415306
1131,1131,1131,2251,The Pink Panther,158851357,65000000,2006-02-10,tt0383216
1132,1132,1132,2252,The Fast and the Furious: Tokyo Drift,158468292,85000000,2006-06-03,tt0463985
1133,1133,1133,2253,Rocky Balboa,155929020,24000000,2006-12-20,tt0479143
1134,1134,1134,2254,Dreamgirls,154937680,70000000,2006-12-25,tt0443489
1135,1135,1135,2255,Charlotte's Web,144000000,85000000,2006-12-07,tt0413895
1136,1136,1136,2256,Garfield: A Tail of Two Kitties,141702264,60000000,2006-06-15,tt0455499
1137,1137,1137,2257,Monster House,140175006,75000000,2006-06-30,tt0385880
1138,1138,1138,2258,Big Momma's House 2,138259062,40000000,2006-01-26,tt0421729
1139,1139,1139,2259,Babel,135330182,25000000,2006-09-08,tt0449467
1140,1140,1140,2280,Wild Hogs,253625427,0,2007-03-02,tt0486946
1141,1141,1141,2281,Juno,232372681,7500000,2007-12-05,tt0467406
1142,1142,1142,2282,Mr. Bean's Holiday,232225908,25000000,2007-03-22,tt0453451
1143,1143,1143,2283,Ghost Rider,228738393,110000000,2007-01-15,tt0259324
1144,1144,1144,2284,Knocked Up,219922417,30000000,2007-06-01,tt0478311
1145,1145,1145,2285,Beowulf,195735876,70000000,2007-11-05,tt0442933
1146,1146,1146,2286,Paranormal Activity,194183034,215000,2007-09-14,tt1179904
1147,1147,1147,2287,I Now Pronounce You Chuck & Larry,187134117,85000000,2007-07-12,tt0762107
1148,1148,1148,2288,The Bucket List,175372502,45000000,2007-12-15,tt0825232
1149,1149,1149,2289,Evan Almighty,174440724,175000000,2007-06-09,tt0413099
1150,1150,1150,2290,No Country for Old Men,171627166,25000000,2007-06-13,tt0477348
1151,1151,1151,2291,Superbad,170812526,20000000,2007-03-20,tt0829482
1152,1152,1152,2292,Meet the Robinsons,169332978,150000000,2007-03-23,tt0396555
1153,1153,1153,2293,Norbit,159313561,10000000,2007-02-08,tt0477051
1154,1154,1154,2294,P.S. I Love You,156835339,30000000,2007-11-15,tt0431308
1155,1155,1155,2295,Sweeney Todd: The Demon Barber of Fleet Street,152000000,50000000,2007-12-20,tt0408236
1156,1156,1156,2296,Surf's Up,149044513,85000000,2007-06-08,tt0423294
1157,1157,1157,2297,Resident Evil: Extinction,148412065,45000000,2007-09-20,tt0432021
1158,1158,1158,2298,The Game Plan,147880543,22000000,2007-09-28,tt0492956
1159,1159,1159,2299,Music and Lyrics,145896422,40000000,2007-02-09,tt0758766
1160,1160,1160,2320,Marley & Me,255743093,60000000,2008-12-25,tt0822832
1161,1161,1161,2321,High School Musical 3: Senior Year,252909177,11000000,2008-10-11,tt0962726
1162,1162,1162,2322,Red Cliff,250100000,80341000,2008-07-10,tt0425637
1163,1163,1163,2323,Welcome to the Sticks,245144417,11000000,2008-02-20,tt1064932
1164,1164,1164,2324,The Day the Earth Stood Still,233093859,80000000,2008-12-10,tt0970416
1165,1165,1165,2325,Get Smart,230685453,80000000,2008-06-19,tt0425061
1166,1166,1166,2326,Taken,226830568,25000000,2008-02-18,tt0936501
1167,1167,1167,2327,Yes Man,223241637,70000000,2008-12-09,tt1068680
1168,1168,1168,2328,Jumper,222231186,85000000,2008-02-13,tt0489099
1169,1169,1169,2329,What Happens in Vegas,219375562,35000000,2008-05-07,tt1033643
1170,1170,1170,2330,Bedtime Stories,212874864,80000000,2008-12-24,tt0960731
1171,1171,1171,2331,Australia,211787511,130000000,2008-11-18,tt0455824
1172,1172,1172,2332,You Don't Mess with the Zohan,204313400,90000000,2008-06-05,tt0960144
1173,1173,1173,2333,Ponyo,202404009,41677699,2008-07-19,tt0876563
1174,1174,1174,2334,Valkyrie,200276000,75000000,2008-12-25,tt0985699
1175,1175,1175,2335,Tropic Thunder,195702811,92000000,2008-08-09,tt0942385
1176,1176,1176,2336,Eagle Eye,178800000,80000000,2008-09-25,tt1059786
1177,1177,1177,2337,Cloverfield,170764026,25000000,2008-01-15,tt1060277
1178,1178,1178,2338,Seven Pounds,168167691,55000000,2008-12-18,tt0814314
1179,1179,1179,2339,The Spiderwick Chronicles,164170327,90000000,2008-02-14,tt0416236
1180,1180,1180,2360,The Proposal,317375031,40000000,2009-06-01,tt1041829
1181,1181,1181,2361,The Blind Side,309208309,29000000,2009-11-20,tt0878804
1182,1182,1182,2362,G.I. Joe: The Rise of Cobra,302469017,175000000,2009-08-03,tt1046173
1183,1183,1183,2363,G-Force,292817841,150000000,2009-07-24,tt0436339
1184,1184,1184,2364,The Princess and the Frog,270997378,105000000,2009-12-08,tt0780521
1185,1185,1185,2365,This Is It,261200000,60000000,2009-10-28,tt1477715
1186,1186,1186,2366,Cloudy with a Chance of Meatballs,242988466,100000000,2009-09-17,tt0844471
1187,1187,1187,2367,It's Complicated,219103655,85000000,2009-12-23,tt1230414
1188,1188,1188,2368,Public Enemies,214104620,100000000,2009-07-01,tt1152836
1189,1189,1189,2369,District 9,210819611,30000000,2009-08-05,tt1136608
1190,1190,1190,2370,The Final Destination,186167139,40000000,2009-08-26,tt1144884
1191,1191,1191,2371,Watchmen,185258983,130000000,2009-03-04,tt0409459
1192,1192,1192,2372,Paul Blart: Mall Cop,183293131,26000000,2009-01-15,tt1114740
1193,1193,1193,2373,He's Just Not That Into You,178866158,40000000,2009-02-06,tt1001508
1194,1194,1194,2374,Couples Retreat,171844840,70000000,2009-09-19,tt1078940
1195,1195,1195,2375,Up in the Air,166842739,25000000,2009-09-05,tt1193138
1196,1196,1196,2376,Hannah Montana: The Movie,155545279,35000000,2009-03-26,tt1114677
1197,1197,1197,2377,Knowing,155446362,50000000,2009-03-19,tt0448011
1198,1198,1198,2378,The Taking of Pelham 1 2 3,150166126,100000000,2009-06-10,tt1111422
1199,1199,1199,2379,Brüno,138805831,42000000,2009-07-08,tt0889583
1200,1200,1200,2400,The Last Airbender,319713881,150000000,2010-06-30,tt0938283
1201,1201,1201,2401,Little Fockers,310650585,100000000,2010-12-21,tt0970866
1202,1202,1202,2402,Resident Evil: Afterlife,300228084,60000000,2010-09-09,tt1220634
1203,1203,1203,2403,Shutter Island,294800000,80000000,2010-02-14,tt1130884
1204,1204,1204,2404,Salt,293329073,110000000,2010-07-21,tt0944835
1205,1205,1205,2405,Sex and the City 2,290745055,100000000,2010-05-26,tt1261945
1206,1206,1206,2406,The Tourist,278731369,100000000,2010-12-08,tt1243957
1207,1207,1207,2407,The Expendables,274470394,80000000,2010-08-03,tt1320253
1208,1208,1208,2408,Grown Ups,271430189,80000000,2010-06-24,tt1375670
1209,1209,1209,2409,Knight and Day,261989769,117000000,2010-06-15,tt1013743
1210,1210,1210,2410,True Grit,252276927,38000000,2010-12-22,tt1403865
1211,1211,1211,2411,Gulliver's Travels,237382724,112000000,2010-12-23,tt1320261
1212,1212,1212,2412,Percy Jackson & the Olympians: The Lightning Thief,226497209,95000000,2010-02-01,tt0814255
1213,1213,1213,2413,The Social Network,224920315,40000000,2010-10-01,tt1285016
1214,1214,1214,2414,Valentine's Day,216485654,52000000,2010-02-10,tt0817230
1215,1215,1215,2415,The Sorcerer's Apprentice,215283742,150000000,2010-07-13,tt0963966
1216,1216,1216,2416,Due Date,211780824,65000000,2010-11-04,tt1231583
1217,1217,1217,2417,Eat Pray Love,204594016,60000000,2010-08-12,tt0879870
1218,1218,1218,2418,Yogi Bear,203509374,80000000,2010-12-17,tt1302067
1219,1219,1219,2419,RED,199000000,58000000,2010-10-13,tt1245526
1220,1220,1220,2440,Real Steel,299268508,110000000,2011-09-28,tt0433035
1221,1221,1221,2441,Bridesmaids,288383523,32500000,2011-05-13,tt1478338
1222,1222,1222,2442,Super 8,260095986,50000000,2011-06-08,tt1650062
1223,1223,1223,2443,Rango,245724603,135000000,2011-03-02,tt1192628
1224,1224,1224,2444,The Girl with the Dragon Tattoo,232617430,90000000,2011-12-14,tt1568346
1225,1225,1225,2445,The Green Hornet,227817248,120000000,2011-01-12,tt0990407
1226,1226,1226,2446,Immortals,226904017,75000000,2011-11-10,tt1253864
1227,1227,1227,2447,Green Lantern,219851172,200000000,2011-06-16,tt1133985
1228,1228,1228,2448,The Help,216639112,25000000,2011-08-09,tt1454029
1229,1229,1229,2449,Bad Teacher,216197492,20000000,2011-05-16,tt1284575
1230,1230,1230,2450,Just Go with It,214945591,80000000,2011-02-10,tt1564367
1231,1231,1231,2451,Battle: Los Angeles,211819354,70000000,2011-03-08,tt1217613
1232,1232,1232,2452,Horrible Bosses,209838559,35000000,2011-07-08,tt1499658
1233,1233,1233,2453,Paranormal Activity 3,207039844,5000000,2011-10-19,tt1778304
1234,1234,1234,2454,Gnomeo & Juliet,189712432,36000000,2011-01-13,tt0377981
1235,1235,1235,2455,Mr. Popper's Penguins,187361754,55000000,2011-06-17,tt1396218
1236,1236,1236,2456,Hugo,185770160,170000000,2011-11-22,tt0970179
1237,1237,1237,2457,Hop,183953723,63000000,2011-03-30,tt1411704
1238,1238,1238,2458,War Horse,177584879,66000000,2011-12-25,tt1568911
1239,1239,1239,2459,The Descendants,177243185,20000000,2011-09-09,tt1033575
1240,1240,1240,2480,Hotel Transylvania,358375603,85000000,2012-09-20,tt0837562
1241,1241,1241,2481,Journey 2: The Mysterious Island,355692760,79000000,2012-01-19,tt1397514
1242,1242,1242,2482,The Lorax,348840316,70000000,2012-03-01,tt1482459
1243,1243,1243,2483,The Expendables 2,314975955,100000000,2012-08-08,tt1764651
1244,1244,1244,2484,Rise of the Guardians,306941670,145000000,2012-11-21,tt1446192
1245,1245,1245,2485,Battleship,303025485,209000000,2012-04-11,tt1440129
1246,1246,1246,2486,Wrath of the Titans,301970083,150000000,2012-03-28,tt1646987
1247,1247,1247,2487,John Carter,284139100,250000000,2012-03-07,tt0401729
1248,1248,1248,2488,The Bourne Legacy,276572938,130000000,2012-08-08,tt1194173
1249,1249,1249,2489,Lincoln,275293450,65000000,2012-11-09,tt0443272
1250,1250,1250,2490,Jab Tak Hai Jaan,256884693,6087315,2012-11-13,tt2176013
1251,1251,1251,2491,Dark Shadows,245527149,150000000,2012-05-09,tt1077368
1252,1252,1252,2492,Resident Evil: Retribution,240159255,65000000,2012-09-12,tt1855325
1253,1253,1253,2493,Silver Linings Playbook,236412453,21000000,2012-11-16,tt1045658
1254,1254,1254,2494,American Reunion,234989584,50000000,2012-04-04,tt1605630
1255,1255,1255,2495,Argo,232325503,44500000,2012-03-22,tt1024648
1256,1256,1256,2496,Jack Reacher,218340595,60000000,2012-12-20,tt0790724
1257,1257,1257,2497,Safe House,208076205,85000000,2012-02-08,tt1599348
1258,1258,1258,2498,Lost in Thailand,208000000,2200000,2012-12-12,tt2459022
1259,1259,1259,2499,21 Jump Street,201585328,42000000,2012-03-14,tt1232829
1260,1260,1260,2520,The Great Gatsby,351040419,105000000,2013-05-10,tt1343092
1261,1261,1261,2521,The Smurfs 2,347434178,105000000,2013-07-30,tt2017020
1262,1262,1262,2522,The Conjuring,319494638,13000000,2013-07-18,tt1457767
1263,1263,1263,2523,A Good Day to Die Hard,304654182,92000000,2013-02-06,tt1606378
1264,1264,1264,2524,Oblivion,286168572,120000000,2013-04-10,tt1483013
1265,1265,1265,2525,Elysium,286140700,115000000,2013-08-07,tt1535108
1266,1266,1266,2526,Turbo,282570682,135000000,2013-07-11,tt1860353
1267,1267,1267,2527,We're the Millers,269994119,37000000,2013-08-07,tt1723121
1268,1268,1268,2528,Epic,268426634,100000000,2013-05-15,tt0848537
1269,1269,1269,2529,The Lone Ranger,260502115,215000000,2013-07-03,tt1210819
1270,1270,1270,2530,American Hustle,251171807,40000000,2013-12-03,tt1800241
1271,1271,1271,2531,Cloudy with a Chance of Meatballs 2,248384621,78000000,2013-09-26,tt1985966
1272,1272,1272,2532,Grown Ups 2,247022278,80000000,2013-07-11,tt2191701
1273,1273,1273,2533,After Earth,243843127,130000000,2013-05-30,tt1815862
1274,1274,1274,2534,Hansel & Gretel: Witch Hunters,226349749,50000000,2013-01-17,tt1428538
1275,1275,1275,2535,Planes,219788712,50000000,2013-08-09,tt1691917
1276,1276,1276,2536,Captain Phillips,218791811,55000000,2013-10-10,tt1535109
1277,1277,1277,2537,Journey to the West: Conquering the Demons,215000000,0,2013-02-07,tt2017561
1278,1278,1278,2538,White House Down,205366737,150000000,2013-06-27,tt2334879
1279,1279,1279,2539,DeAD,201103001,500000000,2013-02-10,tt2211240
1280,1280,1280,2560,Gone Girl,369330363,61000000,2014-10-01,tt2267998
1281,1281,1281,2561,Night at the Museum: Secret of the Tomb,363204635,127000000,2014-12-17,tt2692250
1282,1282,1282,2562,Noah,362637473,125000000,2014-03-07,tt1959490
1283,1283,1283,2563,The Maze Runner,348319861,34000000,2014-09-10,tt1790864
1284,1284,1284,2564,300: Rise of an Empire,337580051,110000000,2014-03-05,tt1253863
1285,1285,1285,2565,22 Jump Street,331333876,50000000,2014-06-05,tt2294449
1286,1286,1286,2566,Taken 3,325771424,48000000,2014-12-16,tt2446042
1287,1287,1287,2567,The Fault in Our Stars,307166834,14000000,2014-05-16,tt2582846
1288,1288,1288,2568,Divergent,288747895,85000000,2014-03-14,tt1840309
1289,1289,1289,2569,Mr. Peabody & Sherman,272912430,145000000,2014-02-07,tt0864835
1290,1290,1290,2570,Neighbors,270665134,18000000,2014-05-08,tt2004420
1291,1291,1291,2571,Exodus: Gods and Kings,268031828,140000000,2014-12-03,tt1528100
1292,1292,1292,2572,Paddington,259207227,55000000,2014-11-24,tt1109624
1293,1293,1293,2573,Annabelle,257047661,6500000,2014-10-02,tt3322940
1294,1294,1294,2574,Hercules,244819862,100000000,2014-07-23,tt1267297
1295,1295,1295,2575,RoboCop,242688965,120000000,2014-01-30,tt1234721
1296,1296,1296,2576,The Imitation Game,233555708,14000000,2014-11-14,tt2084970
1297,1297,1297,2577,Non-Stop,222809600,50000000,2014-02-26,tt2024469
1298,1298,1298,2578,Dracula Untold,217124280,70000000,2014-10-01,tt0829150
1299,1299,1299,2579,The Expendables 3,214700000,95000000,2014-08-07,tt2333784
1300,1300,1300,2600,Home,368871007,135000000,2015-03-18,tt2224026
1301,1301,1301,2601,The Good Dinosaur,332207671,175000000,2015-11-14,tt1979388
1302,1302,1302,2602,Maze Runner: The Scorch Trials,312296056,61000000,2015-09-09,tt4046784
1303,1303,1303,2603,The SpongeBob Movie: Sponge Out of Water,311594032,74000000,2015-01-28,tt2279373
1304,1304,1304,2604,Alice Under the Table,295463225,170000000,2015-10-15,tt8802870
1305,1305,1305,2605,Insurgent,295238201,110000000,2015-03-18,tt2908446
1306,1306,1306,2606,Pitch Perfect 2,287506194,29000000,2015-05-07,tt2848292
1307,1307,1307,2607,Mojin: The Lost Legend,278300000,37000000,2015-12-18,tt4276752
1308,1308,1308,2608,The Peanuts Movie,246233113,99000000,2015-11-01,tt2452042
1309,1309,1309,2609,Pixels,244874809,88000000,2015-07-16,tt2120120
1310,1310,1310,2610,Daddy's Home,242786137,50000000,2015-12-25,tt1528854
1311,1311,1311,2611,Spy,235666219,65000000,2015-05-06,tt3079380
1312,1312,1312,2612,Alvin and the Chipmunks: The Road Chip,233755553,90000000,2015-12-17,tt2974918
1313,1313,1313,2613,Ted 2,215863606,68000000,2015-06-25,tt2637276
1314,1314,1314,2614,Tomorrowland,209154322,190000000,2015-05-19,tt1964418
1315,1315,1315,2615,Everest,203427584,55000000,2015-09-10,tt2719848
1316,1316,1316,2616,Straight Outta Compton,201634991,28000000,2015-08-11,tt1398426
1317,1317,1317,2617,The Intern,194564672,35000000,2015-09-23,tt2361509
1318,1318,1318,2618,Jupiter Ascending,183987723,176000003,2015-02-04,tt1617661
1319,1319,1319,2619,Creed,173567581,37000000,2015-11-25,tt3076658
1320,1320,1320,2640,Independence Day: Resurgence,389681935,165000000,2016-06-22,tt1628841
1321,1321,1321,2641,Your Name.,357986087,0,2016-08-26,tt5311514
1322,1322,1322,2642,The Legend of Tarzan,356743061,180000000,2016-06-29,tt0918940
1323,1323,1323,2643,The Angry Birds Movie,349779543,73000000,2016-05-11,tt1985949
1324,1324,1324,2644,Trolls,346864462,125000000,2016-10-13,tt1679335
1325,1325,1325,2645,Star Trek Beyond,343471816,185000000,2016-07-07,tt2660888
1326,1326,1326,2646,Now You See Me 2,334901337,90000000,2016-06-02,tt3110958
1327,1327,1327,2647,The Great Wall,331957105,150000000,2016-12-16,tt2034800
1328,1328,1328,2648,The Conjuring 2,320392818,40000000,2016-06-08,tt3065204
1329,1329,1329,2649,Resident Evil: The Final Chapter,312242626,40000000,2016-12-23,tt2592614
1330,1330,1330,2650,Dangal,311000000,10400000,2016-12-21,tt5074352
1331,1331,1331,2651,Passengers,303144152,110000000,2016-12-21,tt1355644
1332,1332,1332,2652,Alice Through the Looking Glass,299457024,170000000,2016-05-25,tt2567026
1333,1333,1333,2653,Miss Peregrine's Home for Peculiar Children,296482446,110000000,2016-09-27,tt1935859
1334,1334,1334,2654,Split,278454358,9000000,2016-11-15,tt4972582
1335,1335,1335,2655,Teenage Mutant Ninja Turtles: Out of the Shadows,245623848,135000000,2016-06-01,tt3949660
1336,1336,1336,2656,Sully,240797623,60000000,2016-09-07,tt3263904
1337,1337,1337,2657,Assassin's Creed,240697856,125000000,2016-12-21,tt2094766
1338,1338,1338,2658,Hidden Figures,235956898,25000000,2016-12-10,tt4846340
1339,1339,1339,2659,Ghostbusters,229147509,144000000,2016-07-14,tt1289401
1340,1340,1340,2680,Chasing the Dragon,445000000,200005000,2017-09-28,tt6015328
1341,1341,1341,2681,The Greatest Showman,432844677,84000000,2017-12-20,tt1485796
1342,1342,1342,2682,Kingsman: The Golden Circle,410902662,104000000,2017-09-09,tt4649466
1343,1343,1343,2683,The Mummy,409231607,125000000,2017-06-06,tt2345759
1344,1344,1344,2684,Cars 3,383925276,175000000,2017-06-15,tt3606752
1345,1345,1345,2685,Fifty Shades Darker,378827494,55000000,2017-02-08,tt4465564
1346,1346,1346,2686,Murder on the Orient Express,352794081,55000000,2017-11-03,tt3402236
1347,1347,1347,2687,xXx: Return of Xander Cage,346147658,85000000,2017-01-13,tt1293847
1348,1348,1348,2688,Never Say Die,334530869,0,2017-09-30,tt7431894
1349,1349,1349,2689,The Lego Batman Movie,311950384,80000000,2017-02-08,tt4116284
1350,1350,1350,2690,Annabelle: Creation,306515884,15000000,2017-08-03,tt5140878
1351,1351,1351,2691,Wonder,305937718,20000000,2017-11-13,tt2543472
1352,1352,1352,2692,Ferdinand,295038508,111000000,2017-12-09,tt3411444
1353,1353,1353,2693,Bāhubali 2: The Conclusion,275947313,31000000,2017-04-27,tt4849438
1354,1354,1354,2694,Blade Runner 2049,259239658,150000000,2017-10-04,tt1856101
1355,1355,1355,2695,Get Out,255407969,4500000,2017-02-24,tt5052448
1356,1356,1356,2696,Kung Fu Yoga,254212245,65000000,2017-01-27,tt4217392
1357,1357,1357,2697,Alien: Covenant,240891763,97000000,2017-05-09,tt2316204
1358,1358,1358,2698,Paddington 2,227300000,40000000,2017-11-09,tt4468740
1359,1359,1359,2699,Baby Driver,226945087,34000000,2017-06-28,tt3890160
1360,1360,1360,2720,Rampage,428028233,120000000,2018-04-11,tt2231461
1361,1361,1361,2721,Rise,400000000,35000000,2018-08-01,
1362,1362,1362,2722,Mamma Mia! Here We Go Again,395044706,75000000,2018-07-09,tt6911608
1363,1363,1363,2723,Solo: A Star Wars Story,392952373,250000000,2018-05-15,tt3778644
1364,1364,1364,2724,Spider-Man: Into the Spider-Verse,375540831,90000000,2018-12-06,tt4633694
1365,1365,1365,2725,Fifty Shades Freed,368307760,55000000,2018-01-17,tt4477536
1366,1366,1366,2726,The Nun,365550119,22000000,2018-09-05,tt5814060
1367,1367,1367,2727,Monster Hunt 2,361682618,0,2018-02-16,tt6170484
1368,1368,1368,2728,Peter Rabbit,351266433,50000000,2018-02-07,tt5117670
1369,1369,1369,2729,Mary Poppins Returns,348807090,130000000,2018-12-13,tt5028340
1370,1370,1370,2730,A Quiet Place,340952971,17000000,2018-04-03,tt6644200
1371,1371,1371,2731,Green Book,319700000,23000000,2018-11-16,tt6966692
1372,1372,1372,2732,Ocean's Eight,297718711,70000000,2018-06-07,tt5164214
1373,1373,1373,2733,Skyscraper,292351275,125000000,2018-07-11,tt5758778
1374,1374,1374,2734,Pacific Rim: Uprising,290061297,150000000,2018-03-21,tt2557478
1375,1375,1375,2735,Maze Runner: The Death Cure,288175335,62000000,2018-01-10,tt4500922
1376,1376,1376,2736,Tomb Raider,274650803,94000000,2018-03-05,tt1365519
1377,1377,1377,2737,Halloween,255614941,10000000,2018-10-18,tt1502407
1378,1378,1378,2738,Crazy Rich Asians,238539198,30000000,2018-08-15,tt3104988
1379,1379,1379,2739,Creed II,214215889,50000000,2018-11-21,tt6343314
1380,1380,1380,2760,Once Upon a Time… in Hollywood,374251247,95000000,2019-07-24,tt7131622
1381,1381,1381,2761,Shazam!,366080049,80000000,2019-03-29,tt0448115
1382,1382,1382,2762,John Wick: Chapter 3 - Parabellum,326709727,55000000,2019-05-15,tt6146586
1383,1383,1383,2763,Knives Out,309232797,40000000,2019-11-27,tt8946378
1384,1384,1384,2764,Terminator: Dark Fate,261119292,185000000,2019-10-23,tt6450804
1385,1385,1385,2765,Parasite,257591776,11363000,2019-05-30,tt6751668
1386,1386,1386,2766,Us,255105930,20000000,2019-03-14,tt6857112
1387,1387,1387,2767,Men in Black: International,252608480,110000000,2019-06-12,tt2283336
1388,1388,1388,2768,Dark Phoenix,252442974,200000000,2019-06-05,tt6565702
1389,1389,1389,2769,Glass,246941965,20000000,2019-01-16,tt6823368
1390,1390,1390,2770,Annabelle Comes Home,231252591,30000000,2019-06-26,tt8350360
1391,1391,1391,2771,Better Days,225879065,0,2019-10-25,tt9586294
1392,1392,1392,2772,Ford v Ferrari,225508210,97600000,2019-11-13,tt1950186
1393,1393,1393,2773,Little Women,216601214,40000000,2019-12-25,tt3281548
1394,1394,1394,2774,Dumbo,215832199,170000000,2019-03-27,tt3861390
1395,1395,1395,2775,The Addams Family,203044905,40000000,2019-10-10,tt1620981
1396,1396,1396,2776,The Lego Movie 2: The Second Part,192456290,99000000,2019-02-06,tt3513498
1397,1397,1397,2777,Downton Abbey,192199131,20000000,2019-09-12,tt6398184
1398,1398,1398,2778,Weathering with You,186965409,0,2019-06-19,tt9426210
1399,1399,1399,2779,Abominable,180289970,75000000,2019-09-19,tt6324278
1400,1400,1400,2800,Tolo Tolo,52186426,20000000,2020-01-01,tt10413566
1401,1401,1401,2801,Fantasy Island,49447308,7000000,2020-02-12,tt0983946
1402,1402,1402,2802,The New Mutants,49169594,67000000,2020-08-26,tt4682266
1403,1403,1403,2803,Trolls World Tour,47000000,0,2020-03-11,tt6587640
1404,1404,1404,2804,The War with Grandpa,43387445,18000000,2020-08-27,tt4532038
1405,1405,1405,2805,The Grudge,42800000,10000000,2020-01-01,tt3612126
1406,1406,1406,2806,The Hunt,42415898,14000000,2020-03-11,tt8244784
1407,1407,1407,2807,Monster Hunter,42145959,60000000,2020-12-03,tt6475714
1408,1408,1408,2808,After We Collided,42000000,0,2020-09-02,tt10362466
1409,1409,1409,2809,Underwater,40882928,50000000,2020-01-08,tt5774060
1410,1410,1410,2810,Bloodshot,39861118,42000000,2020-03-05,tt1634106
1411,1411,1411,2811,Peninsula,39657073,17000000,2020-07-15,tt8850222
1412,1412,1412,2812,Unhinged,39238300,33000000,2020-07-16,tt10059518
1413,1413,1413,2813,The Confidence Man JP – Episode of the Princess –,35762324,0,2020-07-23,tt12767996
1414,1414,1414,2814,Deliver Us from Evil,34662454,12000000,2020-08-05,tt12763920
1415,1415,1415,2815,Invasion,32104054,8819200,2020-01-01,tt8060328
1416,1416,1416,2816,Honest Thief,31220247,0,2020-09-03,tt1838556
1417,1417,1417,2817,Ala Vaikunthapurramuloo,28859072,14000000,2020-01-12,tt9537292
1418,1418,1418,2818,Scoob!,28559165,90000,2020-07-09,tt3152592
1419,1419,1419,2819,Vanguard,27900000,0,2020-09-30,tt9695722
1420,1420,1420,2840,Cruella,233503234,200000000,2021-05-26,tt3228774
1421,1421,1421,2841,Jungle Cruise,220889446,200000000,2021-07-28,tt0870154
1422,1422,1422,2842,Raging Fire,205000000,0,2021-07-28,tt8165192
1423,1423,1423,2843,The Conjuring: The Devil Made Me Do It,201000000,39000000,2021-05-25,tt7069210
1424,1424,1424,2844,Jujutsu Kaisen 0,195870885,0,2021-12-24,tt14331144
1425,1425,1425,2845,Ghostbusters: Afterlife,191000000,75000000,2021-11-11,tt4513678
1426,1426,1426,2846,Chinese Doctors,176619381,0,2021-07-09,tt13696296
1427,1427,1427,2847,Cliff Walkers,172919448,0,2021-04-30,tt11448076
1428,1428,1428,2848,The Suicide Squad,168657565,185000000,2021-07-28,tt6334354
1429,1429,1429,2849,Space Jam: A New Legacy,162892228,161900000,2021-07-08,tt3554046
1430,1430,1430,2850,The Matrix Resurrections,156497322,190000000,2021-12-16,tt10838180
1431,1431,1431,2851,House of Gucci,153235995,75000000,2021-11-24,tt11214590
1432,1432,1432,2852,Peter Rabbit 2: The Runaway,153000000,45000000,2021-03-25,tt8376234
1433,1433,1433,2853,A Writer's Odyssey,150123320,0,2021-02-12,tt9685342
1434,1434,1434,2854,The Boss Baby: Family Business,146745280,82000000,2021-07-01,tt6932874
1435,1435,1435,2855,PAW Patrol: The Movie,144327371,26000000,2021-08-09,tt11832046
1436,1436,1436,2856,Tom & Jerry,132000000,50000000,2021-02-10,tt1361336
1437,1437,1437,2857,Halloween Kills,131647155,20000000,2021-10-14,tt10665338
1438,1438,1438,2858,Raya and the Last Dragon,130000000,100000000,2021-03-03,tt5109280
1439,1439,1439,2859,The King's Man,125928656,100000000,2021-12-22,tt6856242
